OBJECTID,NAME,TYPE_,NodeYCoordinate,NodeXCoordinate,NodeWobbeNumber,NodeSymbolName,NodeTemperature,NodeSpecificGravity,NodeHeatContent,NodeCO2,NodeStatus,NodeResultWaterDropout,NodeResultWaterContent,NodeViscosity,NodeResultTemperature,NodeResultSupplyGasSpecificGravity,NodeResultSupplyGasHigherHeatingValue,NodeResultSupplyGasCO2,NodeSuperHeat,NodeSubsystemID,NodeSpecificHeatConstantVolume,NodeSpecificHeatConstantPressure,NodeResultSpecificGravity,NodeProrateNewFlow,NodeProrateFactor,NodeProrateDeltaFlow,NodePrimaryPressure,NodeResultPressure,NodeEstateDesignPointFlow,NodeMolecularWeight,NodeMinimumPressureTime,NodeMinimumPressureOverTime,NodeMaximumPressureTime,NodeMaximumPressureOverTime,NodeMaximumAllowableOperatingPressure,NodeLowerHeatingValue,NodeJTCoefficient,NodeIsentopicTemperatureRiseExponent,NodeIsentopicExponent,NodeResultIsHydrateForming,NodeIntegratedFlow,NodeResultHydrateTemperature,NodeHigherHeatingValue,NodeEstateDesignFullyDiverseFlow,NodeFuel,NodeEnthalpy,NodeEstateDesignDiverseFlow,NodeDewPointTemperature,NodeDewPointCalculationStatus,NodeDensity,NodeResultConstraint,NodeCondensateFlow,NodeCompressibility,NodeResultCO2,NodeAveragePressureOverTime,NodeReferencePressure,NodeReferenceFlow,NodeStatusProrate,NodeProfileTemperatureName,NodeProfilePressureName,NodePressureSegmentName,NodePressureMinusReferencePressurePercentage,NodePressureMinusReferencePressure,NodePressure,NodeBoundaryPressureMin,NodeMinimumPressure,NodeBoundaryPressureMax,NodeMaximumPressure,NodeLongitude,NodeLatitude,NodeIsSecondaryPressureUnits,NodeHasProblem,NodeTraceName,NodeFlowMinusReferenceFlowPercentage,NodeFlowMinusReferenceFlow,NodeElevation,NodeDescription,NodeIsConstraintInterchange,NodeCalibrateTargetPressure,NodeBoundaryActive,NodeAssumeWaterVaporSaturation,NodeBoundaryAllowFlowReversal,NodeActiveState,NodeFlowDescriptionByCategory_Base_Volumetric_,NodeFlowDescriptionByCategory_Base_Thermal_,NodeFlowDescriptionByCategory_Q3_Pending_NB___Interruptible_,NodeFlowDescriptionByCategory_Q3_Pending_NB___Firm_,NodeFlowDescriptionByCategory_Q3_Interruptibles_,NodeFlowDescriptionByCategory_Q3_Completed_New_Business_,NodeFlowDescriptionByCategory_Q1_Pending_NB___Interruptible_,NodeFlowDescriptionByCategory_Q1_Pending_NB___Firm_,NodeFlowDescriptionByCategory_Q1_Interruptibles_,NodeFlowDescriptionByCategory_Q1_Completed_New_Business_,NodeFlowProfileNameByCategory_Base_Volumetric_,NodeFlowProfileNameByCategory_Base_Thermal_,NodeFlowProfileNameByCategory_Q3_Pending_NB___Interruptible_,NodeFlowProfileNameByCategory_Q3_Pending_NB___Firm_,NodeFlowProfileNameByCategory_Q3_Interruptibles_,NodeFlowProfileNameByCategory_Q3_Completed_New_Business_,NodeFlowProfileNameByCategory_Q1_Pending_NB___Interruptible_,NodeFlowProfileNameByCategory_Q1_Pending_NB___Firm_,NodeFlowProfileNameByCategory_Q1_Interruptibles_,NodeFlowProfileNameByCategory_Q1_Completed_New_Business_,NodeFlowTypeByCategory_Base_Volumetric_,NodeFlowTypeByCategory_Base_Thermal_,NodeFlowTypeByCategory_Q3_Pending_NB___Interruptible_,NodeFlowTypeByCategory_Q3_Pending_NB___Firm_,NodeFlowTypeByCategory_Q3_Interruptibles_,NodeFlowTypeByCategory_Q3_Completed_New_Business_,NodeFlowTypeByCategory_Q1_Pending_NB___Interruptible_,NodeFlowTypeByCategory_Q1_Pending_NB___Firm_,NodeFlowTypeByCategory_Q1_Interruptibles_,NodeFlowTypeByCategory_Q1_Completed_New_Business_,NodeFlowByCategory_Base_Volumetric_,NodeFlowByCategory_Base_Thermal_,NodeFlowByCategory_Q3_Pending_NB___Interruptible_,NodeFlowByCategory_Q3_Pending_NB___Firm_,NodeFlowByCategory_Q3_Interruptibles_,NodeFlowByCategory_Q3_Completed_New_Business_,NodeFlowByCategory_Q1_Pending_NB___Interruptible_,NodeFlowByCategory_Q1_Pending_NB___Firm_,NodeFlowByCategory_Q1_Interruptibles_,NodeFlowByCategory_Q1_Completed_New_Business_,NodeResultFlow,NodeThermalFlow,NodeComponentPercentByGasName_CO2_,NodeComponentPercentByGasName_N2_,NodeComponentPercentByGasName_C1_,NodeComponentPercentByGasName_C2_,NodeComponentPercentByGasName_C3_,NodeComponentPercentByGasName_C4I_,NodeComponentPercentByGasName_C4N_,NodeComponentPercentByGasName_C5I_,NodeComponentPercentByGasName_C5N_,NodeComponentPercentByGasName_C6N_,NodeComponentPercentByGasName_C7N_,NodeComponentPercentByGasName_C8N_
1311,0BEC4FA9,Nodes,1118033.5,1671847.5,1313.064347,Default Known Flow Node,69.999969,0.579999,1000,0,Known Flow,0,0,2.17E-07,40,0.579999,1000,0,0,13,0,0.515371,0.579999,,,,7.017245,7.017245,,16.800279,,,,,,903.822387,0.066147,0,0,0,,-459.670013,1000,,0,0,,,,0.047023,SETFLOW,0,0.997568,0,,,,,,,,,,7.017245,,0,,0,,,0,0,,,,0,,-1,,0,0,-1,-1,,,,,,,,,,,,,,,,,,,,,Volumetric,,,,,,,,,,-0.333881,,,,,,,,,,-0.333881,-0.008013,,,,,,,,,,,,
1312,0BEC4FAA,Nodes,1118081.87,1671859.62,1313.064347,Default Known Flow Node,69.999969,0.579999,1000,0,Known Flow,0,0,2.17E-07,40,0.579999,1000,0,0,13,0,0.515371,0.579999,,,,7.020883,7.020883,,16.800279,,,,,,903.822387,0.066147,0,0,0,,-459.670013,1000,,0,0,,,,0.047023,SETFLOW,0,0.997568,0,,,,,,,,,,7.020883,,0,,0,,,0,0,,,,0,,-1,,0,0,-1,-1,,,,,,,,,,,,,,,,,,,,,Volumetric,,,,,,,,,,-0.180708,,,,,,,,,,-0.180708,-0.004337,,,,,,,,,,,,
1313,0BEC4FAB,Nodes,1118164.12,1671881.25,1313.064347,Default Known Flow Node,69.999969,0.579999,1000,0,Known Flow,0,0,2.17E-07,40,0.579999,1000,0,0,13,0,0.515371,0.579999,,,,7.030492,7.030492,,16.800279,,,,,,903.822387,0.066147,0,0,0,,-459.670013,1000,,0,0,,,,0.047024,SETFLOW,0,0.997568,0,,,,,,,,,,7.030492,,0,,0,,,0,0,,,,0,,-1,,0,0,-1,-1,,,,,,,,,,,,,,,,,,,,,Volumetric,,,,,,,,,,-0.180708,,,,,,,,,,-0.180708,-0.004337,,,,,,,,,,,,
1314,0BEC4F90,Nodes,1117666.75,1671881.37,1313.064347,Default Known Flow Node,69.999969,0.579999,1000,0,Known Flow,0,0,2.17E-07,40,0.579999,1000,0,0,13,0,0.515371,0.579999,,,,7.014481,7.014481,,16.800279,,,,,,903.822387,0.066147,0,0,0,,-459.670013,1000,,0,0,,,,0.047022,SETFLOW,0,0.997568,0,,,,,,,,,,7.014481,,0,,0,,,0,0,,,,0,,-1,,0,0,-1,-1,,,,,,,,,,,,,,,,,,,,,Volumetric,,,,,,,,,,-0.102732,,,,,,,,,,-0.102732,-0.002465,,,,,,,,,,,,
1315,0BEC4FC2,Nodes,1118240,1671900.87,1313.064347,Default Known Flow Node,69.999969,0.579999,1000,0,Known Flow,0,0,2.17E-07,40,0.579999,1000,0,0,13,0,0.515371,0.579999,,,,7.043037,7.043037,,16.800279,,,,,,903.822387,0.066147,0,0,0,,-459.670013,1000,,0,0,,,,0.047026,SETFLOW,0,0.997568,0,,,,,,,,,,7.043037,,0,,0,,,0,0,,,,0,,-1,,0,0,-1,-1,,,,,,,,,,,,,,,,,,,,,Volumetric,,,,,,,,,,-0.188881,,,,,,,,,,-0.188881,-0.004533,,,,,,,,,,,,
1317,0BEC4F91,Nodes,1117648.5,1671995.62,1313.064347,Default Known Flow Node,69.999969,0.579999,1000,0,Known Flow,0,0,2.17E-07,40,0.579999,1000,0,0,13,0,0.515371,0.579999,,,,7.015312,7.015312,,16.800279,,,,,,903.822387,0.066147,0,0,0,,-459.670013,1000,,0,0,,,,0.047023,SETFLOW,0,0.997568,0,,,,,,,,,,7.015312,,0,,0,,,0,0,,,,0,,-1,,0,0,-1,-1,,,,,,,,,,,,,,,,,,,,,Volumetric,,,,,,,,,,-0.055124,,,,,,,,,,-0.055124,-0.001322,,,,,,,,,,,,
1318,0BEC4F93,Nodes,1117642.75,1672021.37,1313.064347,Default Known Flow Node,69.999969,0.579999,1000,0,Known Flow,0,0,2.17E-07,40,0.579999,1000,0,0,13,0,0.515371,0.579999,,,,7.015576,7.015576,,16.800279,,,,,,903.822387,0.066147,0,0,0,,-459.670013,1000,,0,0,,,,0.047023,SETFLOW,0,0.997568,0,,,,,,,,,,7.015576,,0,,0,,,0,0,,,,0,,-1,,0,0,-1,-1,,,,,,,,,,,,,,,,,,,,,Volumetric,,,,,,,,,,-0.440999,,,,,,,,,,-0.440999,-0.010583,,,,,,,,,,,,
1319,0BEC4F92,Nodes,1117648.5,1671996.62,1313.064347,Default Known Flow Node,69.999969,0.579999,1000,0,Known Flow,0,0,2.17E-07,40,0.579999,1000,0,0,13,0,0.515371,0.579999,,,,7.015312,7.015312,,16.800279,,,,,,903.822387,0.066147,0,0,0,,-459.670013,1000,,0,0,,,,0.047023,UNDEFINED,0,0.997568,0,,,,,,,,,,7.015312,,0,,0,,,0,0,,,,0,,-1,,0,0,-1,-1,,,,,,,,,,,,,,,,,,,,,Volumetric,,,,,,,,,,0,,,,,,,,,,0,0,,,,,,,,,,,,
1320,0BEC4FAD,Nodes,1117649.12,1672022.62,1313.064347,Default Known Flow Node,69.999969,0.579999,1000,0,Known Flow,0,0,2.17E-07,40,0.579999,1000,0,0,13,0,0.515371,0.579999,,,,7.015568,7.015568,,16.800279,,,,,,903.822387,0.066147,0,0,0,,-459.670013,1000,,0,0,,,,0.047023,SETFLOW,0,0.997568,0,,,,,,,,,,7.015568,,0,,0,,,0,0,,,,0,,-1,,0,0,-1,-1,,,,,,,,,,,,,,,,,,,,,Volumetric,,,,,,,,,,-0.157499,,,,,,,,,,-0.157499,-0.003779,,,,,,,,,,,,
1321,0BEC4FAE,Nodes,1117882.25,1672057.25,1313.064347,Default Known Flow Node,69.999969,0.579999,1000,0,Known Flow,0,0,2.17E-07,40,0.579999,1000,0,0,13,0,0.515371,0.579999,,,,7.017534,7.017534,,16.800279,,,,,,903.822387,0.066147,0,0,0,,-459.670013,1000,,0,0,,,,0.047023,SETFLOW,0,0.997568,0,,,,,,,,,,7.017534,,0,,0,,,0,0,,,,0,,-1,,0,0,-1,-1,,,,,,,,,,,,,,,,,,,,,Volumetric,,,,,,,,,,-0.437061,,,,,,,,,,-0.437061,-0.010489,,,,,,,,,,,,
1322,0BEC4FAF,Nodes,1117995.12,1672087.37,1313.064347,Default Known Flow Node,69.999969,0.579999,1000,0,Known Flow,0,0,2.17E-07,40,0.579999,1000,0,0,13,0,0.515371,0.579999,,,,7.027599,7.027599,,16.800279,,,,,,903.822387,0.066147,0,0,0,,-459.670013,1000,,0,0,,,,0.047024,SETFLOW,0,0.997568,0,,,,,,,,,,7.027599,,0,,0,,,0,0,,,,0,,-1,,0,0,-1,-1,,,,,,,,,,,,,,,,,,,,,Volumetric,,,,,,,,,,-0.717608,,,,,,,,,,-0.717608,-0.017222,,,,,,,,,,,,
1323,0BEC4FC4,Nodes,1118240,1672151.87,1313.064347,Default Known Flow Node,69.999969,0.579999,1000,0,Known Flow,0,0,2.17E-07,40,0.579999,1000,0,0,13,0,0.515372,0.579999,,,,7.115637,7.115637,,16.800279,,,,,,903.822387,0.066146,0,0,0,,-459.670013,1000,,0,0,,,,0.047034,SETFLOW,0,0.997568,0,,,,,,,,,,7.115637,,0,,0,,,0,0,,,,0,,-1,,0,0,-1,-1,,,,,,,,,,,,,,,,,,,,,Volumetric,,,,,,,,,,-0.652049,,,,,,,,,,-0.652049,-0.015649,,,,,,,,,,,,
1324,0BEC4FB1,Nodes,1117546.5,1672253.25,1313.064347,Default Known Flow Node,69.999969,0.579999,1000,0,Known Flow,0,0,2.17E-07,40,0.579999,1000,0,0,13,0,0.515373,0.579999,,,,7.364931,7.364931,,16.800279,,,,,,903.822387,0.066146,0,0,0,,-459.670013,1000,,0,0,,,,0.047062,SETFLOW,0,0.997566,0,,,,,,,,,,7.364931,,0,,0,,,0,0,,,,0,,-1,,0,0,-1,-1,,,,,,,,,,,,,,,,,,,,,Volumetric,,,,,,,,,,-0.600861,,,,,,,,,,-0.600861,-0.01442,,,,,,,,,,,,
1325,0BEC4F95,Nodes,1117603,1672257.12,1313.064347,Default Known Flow Node,69.999969,0.579999,1000,0,Known Flow,0,0,2.17E-07,40,0.579999,1000,0,0,13,0,0.515373,0.579999,,,,7.37553,7.37553,,16.800279,,,,,,903.822387,0.066146,0,0,0,,-459.670013,1000,,0,0,,,,0.047064,SETFLOW,0,0.997566,0,,,,,,,,,,7.37553,,0,,0,,,0,0,,,,0,,-1,,0,0,-1,-1,,,,,,,,,,,,,,,,,,,,,Volumetric,,,,,,,,,,-0.180337,,,,,,,,,,-0.180337,-0.004328,,,,,,,,,,,,
1326,0BEC4F94,Nodes,1117630.5,1672140.37,1313.064347,Default Known Flow Node,69.999969,0.579999,1000,0,Known Flow,0,0,2.17E-07,40,0.579999,1000,0,0,13,0,0.515373,0.579999,,,,7.375491,7.375491,,16.800279,,,,,,903.822387,0.066146,0,0,0,,-459.670013,1000,,0,0,,,,0.047063,SETFLOW,0,0.997566,0,,,,,,,,,,7.375491,,0,,0,,,0,0,,,,0,,-1,,0,0,-1,-1,,,,,,,,,,,,,,,,,,,,,Volumetric,,,,,,,,,,-0.037012,,,,,,,,,,-0.037012,-0.000888,,,,,,,,,,,,
1327,0BEC4F96,Nodes,1117598.5,1672279.87,1313.064347,Default Known Flow Node,69.999969,0.579999,1000,0,Known Flow,0,0,2.17E-07,40,0.579999,1000,0,0,13,0,0.515373,0.579999,,,,7.38254,7.38254,,16.800279,,,,,,903.822387,0.066146,0,0,0,,-459.670013,1000,,0,0,,,,0.047064,UNDEFINED,0,0.997566,0,,,,,,,,,,7.38254,,0,,0,,,0,0,,,,0,,-1,,0,0,-1,-1,,,,,,,,,,,,,,,,,,,,,Volumetric,,,,,,,,,,0,,,,,,,,,,0,0,,,,,,,,,,,,
1328,0BEC4FB2,Nodes,1117603,1672280.62,1313.064347,Default Known Flow Node,69.999969,0.579999,1000,0,Known Flow,0,0,2.17E-07,40,0.579999,1000,0,0,13,0,0.515373,0.579999,,,,7.383759,7.383759,,16.800279,,,,,,903.822387,0.066146,0,0,0,,-459.670013,1000,,0,0,,,,0.047064,SETFLOW,0,0.997566,0,,,,,,,,,,7.383759,,0,,0,,,0,0,,,,0,,-1,,0,0,-1,-1,,,,,,,,,,,,,,,,,,,,,Volumetric,,,,,,,,,,-0.140962,,,,,,,,,,-0.140962,-0.003383,,,,,,,,,,,,
1329,0BEC4FB5,Nodes,1117365.75,1672471.37,1313.064347,Default Known Flow Node,69.999969,0.579999,1000,0,Known Flow,0,0,2.17E-07,40,0.579999,1000,0,0,13,0,0.515372,0.579999,,,,7.237902,7.237902,,16.800279,,,,,,903.822387,0.066146,0,0,0,,-459.670013,1000,,0,0,,,,0.047048,SETFLOW,0,0.997567,0,,,,,,,,,,7.237902,,0,,0,,,0,0,,,,0,,-1,,0,0,-1,-1,,,,,,,,,,,,,,,,,,,,,Volumetric,,,,,,,,,,-0.063787,,,,,,,,,,-0.063787,-0.00153,,,,,,,,,,,,
1330,0BEC4F9F,Nodes,1117520.5,1672510.75,1313.064347,Default Known Flow Node,69.999969,0.579999,1000,0,Known Flow,0,0,2.17E-07,40,0.579999,1000,0,0,13,0,0.515372,0.579999,,,,7.258056,7.258056,,16.800279,,,,,,903.822387,0.066146,0,0,0,,-459.670013,1000,,0,0,,,,0.04705,SETFLOW,0,0.997567,0,,,,,,,,,,7.258056,,0,,0,,,0,0,,,,0,,-1,,0,0,-1,-1,,,,,,,,,,,,,,,,,,,,,Volumetric,,,,,,,,,,-0.038849,,,,,,,,,,-0.038849,-0.000932,,,,,,,,,,,,
1287,0BEC4F6E,Nodes,1118129.12,1671128.62,1313.064347,Default Known Flow Node,69.999969,0.579999,1000,0,Known Flow,0,0,2.17E-07,40,0.579999,1000,0,0,13,0,0.51537,0.579999,,,,6.887011,6.887011,,16.800279,,,,,,903.822387,0.066147,0,0,0,,-459.670013,1000,,0,0,,,,0.047008,SETFLOW,0,0.997569,0,,,,,,,,,,6.887011,,0,,0,,,0,0,,,,0,,-1,,0,0,-1,-1,,,,,,,,,,,,,,,,,,,,,Volumetric,,,,,,,,,,-0.440542,,,,,,,,,,-0.440542,-0.010573,,,,,,,,,,,,
1290,0BEC4F6D,Nodes,1118143.12,1671209,1313.064347,Default Known Flow Node,69.999969,0.579999,1000,0,Known Flow,0,0,2.17E-07,40,0.579999,1000,0,0,13,0,0.515371,0.579999,,,,6.899554,6.899554,,16.800279,,,,,,903.822387,0.066147,0,0,0,,-459.670013,1000,,0,0,,,,0.047009,UNDEFINED,0,0.997569,0,,,,,,,,,,6.899554,,0,,0,,,0,0,,,,0,,-1,,0,0,-1,-1,,,,,,,,,,,,,,,,,,,,,Volumetric,,,,,,,,,,0,,,,,,,,,,0,0,,,,,,,,,,,,
1291,0BEC4F6C,Nodes,1118150,1671251.75,1313.064347,Default Known Flow Node,69.999969,0.579999,1000,0,Known Flow,0,0,2.17E-07,40,0.579999,1000,0,0,13,0,0.515371,0.579999,,,,6.905676,6.905676,,16.800279,,,,,,903.822387,0.066147,0,0,0,,-459.670013,1000,,0,0,,,,0.04701,SETFLOW,0,0.997569,0,,,,,,,,,,6.905676,,0,,0,,,0,0,,,,0,,-1,,0,0,-1,-1,,,,,,,,,,,,,,,,,,,,,Volumetric,,,,,,,,,,-0.106833,,,,,,,,,,-0.106833,-0.002564,,,,,,,,,,,,
1292,0BEC4F6B,Nodes,1118147.37,1671252.37,1313.064347,Default Known Flow Node,69.999969,0.579999,1000,0,Known Flow,0,0,2.17E-07,40,0.579999,1000,0,0,13,0,0.515371,0.579999,,,,6.905905,6.905905,,16.800279,,,,,,903.822387,0.066147,0,0,0,,-459.670013,1000,,0,0,,,,0.04701,SETFLOW,0,0.997569,0,,,,,,,,,,6.905905,,0,,0,,,0,0,,,,0,,-1,,0,0,-1,-1,,,,,,,,,,,,,,,,,,,,,Volumetric,,,,,,,,,,-0.059244,,,,,,,,,,-0.059244,-0.001421,,,,,,,,,,,,
1293,0BEC4F67,Nodes,1117877.62,1671275.5,1313.064347,Default Known Flow Node,69.999969,0.579999,1000,0,Known Flow,0,0,2.17E-07,40,0.579999,1000,0,0,13,0,0.515371,0.579999,,,,6.951649,6.951649,,16.800279,,,,,,903.822387,0.066147,0,0,0,,-459.670013,1000,,0,0,,,,0.047015,SETFLOW,0,0.997569,0,,,,,,,,,,6.951649,,0,,0,,,0,0,,,,0,,-1,,0,0,-1,-1,,,,,,,,,,,,,,,,,,,,,Volumetric,,,,,,,,,,-0.511074,,,,,,,,,,-0.511074,-0.012265,,,,,,,,,,,,
1294,0BEC4F68,Nodes,1117882.12,1671297.87,1313.064347,Default Known Flow Node,69.999969,0.579999,1000,0,Known Flow,0,0,2.17E-07,40,0.579999,1000,0,0,13,0,0.515371,0.579999,,,,6.950258,6.950258,,16.800279,,,,,,903.822387,0.066147,0,0,0,,-459.670013,1000,,0,0,,,,0.047015,UNDEFINED,0,0.997569,0,,,,,,,,,,6.950258,,0,,0,,,0,0,,,,0,,-1,,0,0,-1,-1,,,,,,,,,,,,,,,,,,,,,Volumetric,,,,,,,,,,0,,,,,,,,,,0,0,,,,,,,,,,,,
1299,0BEC4F64,Nodes,1117627.12,1671355.87,1313.064347,Default Known Flow Node,69.999969,0.579999,1000,0,Known Flow,0,0,2.17E-07,40,0.579999,1000,0,0,13,0,0.515371,0.579999,,,,6.98422,6.98422,,16.800279,,,,,,903.822387,0.066147,0,0,0,,-459.670013,1000,,0,0,,,,0.047019,SETFLOW,0,0.997568,0,,,,,,,,,,6.98422,,0,,0,,,0,0,,,,0,,-1,,0,0,-1,-1,,,,,,,,,,,,,,,,,,,,,Volumetric,,,,,,,,,,-0.66336,,,,,,,,,,-0.66336,-0.01592,,,,,,,,,,,,
1300,0BEC4F88,Nodes,1117631.12,1671380,1313.064347,Default Known Flow Node,69.999969,0.579999,1000,0,Known Flow,0,0,2.17E-07,40,0.579999,1000,0,0,13,0,0.515371,0.579999,,,,6.984445,6.984445,,16.800279,,,,,,903.822387,0.066147,0,0,0,,-459.670013,1000,,0,0,,,,0.047019,SETFLOW,0,0.997568,0,,,,,,,,,,6.984445,,0,,0,,,0,0,,,,0,,-1,,0,0,-1,-1,,,,,,,,,,,,,,,,,,,,,Volumetric,,,,,,,,,,-0.078272,,,,,,,,,,-0.078272,-0.001878,,,,,,,,,,,,
1302,0BEC4F89,Nodes,1117897.12,1671394.37,1313.064347,Default Known Flow Node,69.999969,0.579999,1000,0,Known Flow,0,0,2.17E-07,40,0.579999,1000,0,0,13,0,0.515371,0.579999,,,,6.952344,6.952344,,16.800279,,,,,,903.822387,0.066147,0,0,0,,-459.670013,1000,,0,0,,,,0.047015,SETFLOW,0,0.997569,0,,,,,,,,,,6.952344,,0,,0,,,0,0,,,,0,,-1,,0,0,-1,-1,,,,,,,,,,,,,,,,,,,,,Volumetric,,,,,,,,,,-0.135998,,,,,,,,,,-0.135998,-0.003263,,,,,,,,,,,,
1303,0BEC4FA2,Nodes,1117920.5,1671532.37,1313.064347,Default Known Flow Node,69.999969,0.579999,1000,0,Known Flow,0,0,2.17E-07,40,0.579999,1000,0,0,13,0,0.515371,0.579999,,,,6.958597,6.958597,,16.800279,,,,,,903.822387,0.066147,0,0,0,,-459.670013,1000,,0,0,,,,0.047016,SETFLOW,0,0.997569,0,,,,,,,,,,6.958597,,0,,0,,,0,0,,,,0,,-1,,0,0,-1,-1,,,,,,,,,,,,,,,,,,,,,Volumetric,,,,,,,,,,-0.125236,,,,,,,,,,-0.125236,-0.003005,,,,,,,,,,,,
1305,0BEC4F8D,Nodes,1117421,1671688.75,1313.064347,Default Known Flow Node,69.999969,0.579999,1000,0,Known Flow,0,0,2.17E-07,40,0.579999,1000,0,0,13,0,0.515371,0.579999,,,,7.021723,7.021723,,16.800279,,,,,,903.822387,0.066147,0,0,0,,-459.670013,1000,,0,0,,,,0.047023,SETFLOW,0,0.997568,0,,,,,,,,,,7.021723,,0,,0,,,0,0,,,,0,,-1,,0,0,-1,-1,,,,,,,,,,,,,,,,,,,,,Volumetric,,,,,,,,,,-0.061346,,,,,,,,,,-0.061346,-0.001472,,,,,,,,,,,,
1306,0BEC4FA7,Nodes,1117437,1671692.75,1313.064347,Default Known Flow Node,69.999969,0.579999,1000,0,Known Flow,0,0,2.17E-07,40,0.579999,1000,0,0,13,0,0.515371,0.579999,,,,7.020883,7.020883,,16.800279,,,,,,903.822387,0.066147,0,0,0,,-459.670013,1000,,0,0,,,,0.047023,SETFLOW,0,0.997568,0,,,,,,,,,,7.020883,,0,,0,,,0,0,,,,0,,-1,,0,0,-1,-1,,,,,,,,,,,,,,,,,,,,,Volumetric,,,,,,,,,,-0.029865,,,,,,,,,,-0.029865,-0.000716,,,,,,,,,,,,
1307,0BEC4FA8,Nodes,1117467.25,1671700.62,1313.064347,Default Known Flow Node,69.999969,0.579999,1000,0,Known Flow,0,0,2.17E-07,40,0.579999,1000,0,0,13,0,0.515371,0.579999,,,,7.019471,7.019471,,16.800279,,,,,,903.822387,0.066147,0,0,0,,-459.670013,1000,,0,0,,,,0.047023,SETFLOW,0,0.997568,0,,,,,,,,,,7.019471,,0,,0,,,0,0,,,,0,,-1,,0,0,-1,-1,,,,,,,,,,,,,,,,,,,,,Volumetric,,,,,,,,,,-0.087983,,,,,,,,,,-0.087983,-0.002111,,,,,,,,,,,,
1308,0BEC4F8E,Nodes,1117695.75,1671722.5,1313.064347,Default Known Flow Node,69.999969,0.579999,1000,0,Known Flow,0,0,2.17E-07,40,0.579999,1000,0,0,13,0,0.515371,0.579999,,,,7.013487,7.013487,,16.800279,,,,,,903.822387,0.066147,0,0,0,,-459.670013,1000,,0,0,,,,0.047022,SETFLOW,0,0.997568,0,,,,,,,,,,7.013487,,0,,0,,,0,0,,,,0,,-1,,0,0,-1,-1,,,,,,,,,,,,,,,,,,,,,Volumetric,,,,,,,,,,-0.074358,,,,,,,,,,-0.074358,-0.001784,,,,,,,,,,,,
1309,0BEC4F8F,Nodes,1117695,1671759.25,1313.064347,Default Known Flow Node,69.999969,0.579999,1000,0,Known Flow,0,0,2.17E-07,40,0.579999,1000,0,0,13,0,0.515371,0.579999,,,,7.014036,7.014036,,16.800279,,,,,,903.822387,0.066147,0,0,0,,-459.670013,1000,,0,0,,,,0.047022,SETFLOW,0,0.997568,0,,,,,,,,,,7.014036,,0,,0,,,0,0,,,,0,,-1,,0,0,-1,-1,,,,,,,,,,,,,,,,,,,,,Volumetric,,,,,,,,,,-0.154588,,,,,,,,,,-0.154588,-0.00371,,,,,,,,,,,,
1310,2FB1BEFE,Nodes,1117850.12,1671799.62,1313.064347,Default Known Flow Node,69.999969,0.579999,1000,0,Known Flow,0,0,2.17E-07,40,0.579999,1000,0,0,13,0,0.515371,0.579999,,,,7.014784,7.014784,,16.800279,,,,,,903.822387,0.066147,0,0,0,,-459.670013,1000,,0,0,,,,0.047023,SETFLOW,0,0.997568,0,,,,,,,,,,7.014784,,0,,0,,,0,0,,,,0,,-1,,0,0,-1,-1,,,,,,,,,,,,,,,,,,,,,Volumetric,,,,,,,,,,-0.181983,,,,,,,,,,-0.181983,-0.004367,,,,,,,,,,,,
1331,0BEC4FA0,Nodes,1117522.62,1672503.12,1313.064347,Default Known Flow Node,69.999969,0.579999,1000,0,Known Flow,0,0,2.17E-07,40,0.579999,1000,0,0,13,0,0.515372,0.579999,,,,7.258056,7.258056,,16.800279,,,,,,903.822387,0.066146,0,0,0,,-459.670013,1000,,0,0,,,,0.04705,UNDEFINED,0,0.997567,0,,,,,,,,,,7.258056,,0,,0,,,0,0,,,,0,,-1,,0,0,-1,-1,,,,,,,,,,,,,,,,,,,,,Volumetric,,,,,,,,,,0,,,,,,,,,,0,0,,,,,,,,,,,,
1332,0BEC4F9E,Nodes,1117516.87,1672529.87,1313.064347,Default Known Flow Node,69.999969,0.579999,1000,0,Known Flow,0,0,2.17E-07,40,0.579999,1000,0,0,13,0,0.515372,0.579999,,,,7.25847,7.25847,,16.800279,,,,,,903.822387,0.066146,0,0,0,,-459.670013,1000,,0,0,,,,0.04705,UNDEFINED,0,0.997567,0,,,,,,,,,,7.25847,,0,,0,,,0,0,,,,0,,-1,,0,0,-1,-1,,,,,,,,,,,,,,,,,,,,,Volumetric,,,,,,,,,,0,,,,,,,,,,0,0,,,,,,,,,,,,
1333,0BEC4FA1,Nodes,1118173.37,1672700.62,1313.064347,Default Known Flow Node,69.999969,0.579999,1000,0,Known Flow,0,0,2.17E-07,40,0.579999,1000,0,0,13,0,0.515373,0.579999,,,,7.424477,7.424477,,16.800279,,,,,,903.822387,0.066146,0,0,0,,-459.670013,1000,,0,0,,,,0.047069,SETFLOW,0,0.997566,0,,,,,,,,,,7.424477,,0,,0,,,0,0,,,,0,,-1,,0,0,-1,-1,,,,,,,,,,,,,,,,,,,,,Volumetric,,,,,,,,,,-0.062999,,,,,,,,,,-0.062999,-0.001511,,,,,,,,,,,,
1334,0BEC4FBF,Nodes,1118240,1672529.25,1313.064347,Default Known Flow Node,69.999969,0.579999,1000,0,Known Flow,0,0,2.17E-07,40,0.579999,1000,0,0,13,0,0.515373,0.579999,,,,7.42476,7.42476,,16.800279,,,,,,903.822387,0.066146,0,0,0,,-459.670013,1000,,0,0,,,,0.047069,SETFLOW,0,0.997566,0,,,,,,,,,,7.42476,,0,,0,,,0,0,,,,0,,-1,,0,0,-1,-1,,,,,,,,,,,,,,,,,,,,,Volumetric,,,,,,,,,,-0.187687,,,,,,,,,,-0.187687,-0.004504,,,,,,,,,,,,
1335,0BEC4F9D,Nodes,1117515.87,1672535.87,1313.064347,Default Known Flow Node,69.999969,0.579999,1000,0,Known Flow,0,0,2.17E-07,40,0.579999,1000,0,0,13,0,0.515372,0.579999,,,,7.258457,7.258457,,16.800279,,,,,,903.822387,0.066146,0,0,0,,-459.670013,1000,,0,0,,,,0.04705,SETFLOW,0,0.997567,0,,,,,,,,,,7.258457,,0,,0,,,0,0,,,,0,,-1,,0,0,-1,-1,,,,,,,,,,,,,,,,,,,,,Volumetric,,,,,,,,,,-0.064049,,,,,,,,,,-0.064049,-0.001537,,,,,,,,,,,,
1336,0BEC4FB4,Nodes,1117572.75,1672544.75,1313.064347,Default Known Flow Node,69.999969,0.579999,1000,0,Known Flow,0,0,2.17E-07,40,0.579999,1000,0,0,13,0,0.515373,0.579999,,,,7.270053,7.270053,,16.800279,,,,,,903.822387,0.066146,0,0,0,,-459.670013,1000,,0,0,,,,0.047052,SETFLOW,0,0.997567,0,,,,,,,,,,7.270053,,0,,0,,,0,0,,,,0,,-1,,0,0,-1,-1,,,,,,,,,,,,,,,,,,,,,Volumetric,,,,,,,,,,-0.085049,,,,,,,,,,-0.085049,-0.002041,,,,,,,,,,,,
1337,0BEC4F9C,Nodes,1117491.12,1672640.75,1313.064347,Default Known Flow Node,69.999969,0.579999,1000,0,Known Flow,0,0,2.17E-07,40,0.579999,1000,0,0,13,0,0.515372,0.579999,,,,7.258303,7.258303,,16.800279,,,,,,903.822387,0.066146,0,0,0,,-459.670013,1000,,0,0,,,,0.04705,SETFLOW,0,0.997567,0,,,,,,,,,,7.258303,,0,,0,,,0,0,,,,0,,-1,,0,0,-1,-1,,,,,,,,,,,,,,,,,,,,,Volumetric,,,,,,,,,,-0.064049,,,,,,,,,,-0.064049,-0.001537,,,,,,,,,,,,
1338,0BEC4FB3,Nodes,1117750.62,1672591.5,1313.064347,Default Known Flow Node,69.999969,0.579999,1000,0,Known Flow,0,0,2.17E-07,40,0.579999,1000,0,0,13,0,0.515373,0.579999,,,,7.311836,7.311836,,16.800279,,,,,,903.822387,0.066146,0,0,0,,-459.670013,1000,,0,0,,,,0.047056,SETFLOW,0,0.997567,0,,,,,,,,,,7.311836,,0,,0,,,0,0,,,,0,,-1,,0,0,-1,-1,,,,,,,,,,,,,,,,,,,,,Volumetric,,,,,,,,,,-0.090299,,,,,,,,,,-0.090299,-0.002167,,,,,,,,,,,,
1339,0BEC4F9B,Nodes,1117484.37,1672671,1313.064347,Default Known Flow Node,69.999969,0.579999,1000,0,Known Flow,0,0,2.17E-07,40,0.579999,1000,0,0,13,0,0.515372,0.579999,,,,7.258277,7.258277,,16.800279,,,,,,903.822387,0.066146,0,0,0,,-459.670013,1000,,0,0,,,,0.04705,UNDEFINED,0,0.997567,0,,,,,,,,,,7.258277,,0,,0,,,0,0,,,,0,,-1,,0,0,-1,-1,,,,,,,,,,,,,,,,,,,,,Volumetric,,,,,,,,,,0,,,,,,,,,,0,0,,,,,,,,,,,,
1340,0BEC4F9A,Nodes,1117481,1672685,1313.064347,Default Known Flow Node,69.999969,0.579999,1000,0,Known Flow,0,0,2.17E-07,40,0.579999,1000,0,0,13,0,0.515372,0.579999,,,,7.258226,7.258226,,16.800279,,,,,,903.822387,0.066146,0,0,0,,-459.670013,1000,,0,0,,,,0.04705,UNDEFINED,0,0.997567,0,,,,,,,,,,7.258226,,0,,0,,,0,0,,,,0,,-1,,0,0,-1,-1,,,,,,,,,,,,,,,,,,,,,Volumetric,,,,,,,,,,0,,,,,,,,,,0,0,,,,,,,,,,,,
1341,0BEC4F99,Nodes,1117480.5,1672687.37,1313.064347,Default Known Flow Node,69.999969,0.579999,1000,0,Known Flow,0,0,2.17E-07,40,0.579999,1000,0,0,13,0,0.515372,0.579999,,,,7.258224,7.258224,,16.800279,,,,,,903.822387,0.066146,0,0,0,,-459.670013,1000,,0,0,,,,0.04705,SETFLOW,0,0.997567,0,,,,,,,,,,7.258224,,0,,0,,,0,0,,,,0,,-1,,0,0,-1,-1,,,,,,,,,,,,,,,,,,,,,Volumetric,,,,,,,,,,-0.020999,,,,,,,,,,-0.020999,-0.000503,,,,,,,,,,,,
1342,0BEC4F98,Nodes,1117466.87,1672756.25,1313.064347,Default Known Flow Node,69.999969,0.579999,1000,0,Known Flow,0,0,2.17E-07,40,0.579999,1000,0,0,13,0,0.515372,0.579999,,,,7.258176,7.258176,,16.800279,,,,,,903.822387,0.066146,0,0,0,,-459.670013,1000,,0,0,,,,0.04705,SETFLOW,0,0.997567,0,,,,,,,,,,7.258176,,0,,0,,,0,0,,,,0,,-1,,0,0,-1,-1,,,,,,,,,,,,,,,,,,,,,Volumetric,,,,,,,,,,-0.008399,,,,,,,,,,-0.008399,-0.000201,,,,,,,,,,,,
1343,0BEC4FC7,Nodes,1118240,1672719.75,1313.064347,Default Known Flow Node,69.999969,0.579999,1000,0,Known Flow,0,0,2.17E-07,40,0.579999,1000,0,0,13,0,0.515373,0.579999,,,,7.422071,7.422071,,16.800279,,,,,,903.822387,0.066146,0,0,0,,-459.670013,1000,,0,0,,,,0.047069,SETFLOW,0,0.997566,0,,,,,,,,,,7.422071,,0,,0,,,0,0,,,,0,,-1,,0,0,-1,-1,,,,,,,,,,,,,,,,,,,,,Volumetric,,,,,,,,,,-0.038062,,,,,,,,,,-0.038062,-0.000913,,,,,,,,,,,,
1344,0BEC4FBE,Nodes,1118149.87,1672760,1313.064347,Default Known Flow Node,69.999969,0.579999,1000,0,Known Flow,0,0,2.17E-07,40,0.579999,1000,0,0,13,0,0.515373,0.579999,,,,7.425044,7.425044,,16.800279,,,,,,903.822387,0.066146,0,0,0,,-459.670013,1000,,0,0,,,,0.047069,SETFLOW,0,0.997566,0,,,,,,,,,,7.425044,,0,,0,,,0,0,,,,0,,-1,,0,0,-1,-1,,,,,,,,,,,,,,,,,,,,,Volumetric,,,,,,,,,,-0.017062,,,,,,,,,,-0.017062,-0.000409,,,,,,,,,,,,
1346,0BEC4FC9,Nodes,1117465.87,1672760,1313.064347,Default Known Flow Node,69.999969,0.579999,1000,0,Known Flow,0,0,2.17E-07,40,0.579999,1000,0,0,13,0,0.515372,0.579999,,,,7.258161,7.258161,,16.800279,,,,,,903.822387,0.066146,0,0,0,,-459.670013,1000,,0,0,,,,0.04705,UNDEFINED,0,0.997567,0,,,,,,,,,,7.258161,,0,,0,,,0,0,,,,0,,-1,,0,0,-1,-1,,,,,,,,,,,,,,,,,,,,,Volumetric,,,,,,,,,,0,,,,,,,,,,0,0,,,,,,,,,,,,
1347,0BEC500D,Nodes,1117466.75,1672765.37,1313.064347,Default Known Flow Node,69.999969,0.579999,1000,0,Known Flow,0,0,2.17E-07,40,0.579999,1000,0,0,13,0,0.515372,0.579999,,,,7.258143,7.258143,,16.800279,,,,,,903.822387,0.066146,0,0,0,,-459.670013,1000,,0,0,,,,0.04705,UNDEFINED,0,0.997567,0,,,,,,,,,,7.258143,,0,,0,,,0,0,,,,0,,-1,,0,0,-1,-1,,,,,,,,,,,,,,,,,,,,,Volumetric,,,,,,,,,,0,,,,,,,,,,0,0,,,,,,,,,,,,
1353,0BEC500E,Nodes,1118017.5,1672929.87,1313.064347,Default Known Flow Node,69.999969,0.579999,1000,0,Known Flow,0,0,2.17E-07,40,0.579999,1000,0,0,13,0,0.515373,0.579999,,,,7.405082,7.405082,,16.800279,,,,,,903.822387,0.066146,0,0,0,,-459.670013,1000,,0,0,,,,0.047067,SETFLOW,0,0.997566,0,,,,,,,,,,7.405082,,0,,0,,,0,0,,,,0,,-1,,0,0,-1,-1,,,,,,,,,,,,,,,,,,,,,Volumetric,,,,,,,,,,-0.224699,,,,,,,,,,-0.224699,-0.005392,,,,,,,,,,,,
1354,0BEC4FCA,Nodes,1118080.5,1672945.37,1313.064347,Default Known Flow Node,69.999969,0.579999,1000,0,Known Flow,0,0,2.17E-07,40,0.579999,1000,0,0,13,0,0.515373,0.579999,,,,7.426848,7.426848,,16.800279,,,,,,903.822387,0.066146,0,0,0,,-459.670013,1000,,0,0,,,,0.047069,SETFLOW,0,0.997566,0,,,,,,,,,,7.426848,,0,,0,,,0,0,,,,0,,-1,,0,0,-1,-1,,,,,,,,,,,,,,,,,,,,,Volumetric,,,,,,,,,,-0.022312,,,,,,,,,,-0.022312,-0.000535,,,,,,,,,,,,
1355,0BEC4FCB,Nodes,1118079.75,1672947.25,1313.064347,Default Known Flow Node,69.999969,0.579999,1000,0,Known Flow,0,0,2.17E-07,40,0.579999,1000,0,0,13,0,0.515373,0.579999,,,,7.42692,7.42692,,16.800279,,,,,,903.822387,0.066146,0,0,0,,-459.670013,1000,,0,0,,,,0.047069,SETFLOW,0,0.997566,0,,,,,,,,,,7.42692,,0,,0,,,0,0,,,,0,,-1,,0,0,-1,-1,,,,,,,,,,,,,,,,,,,,,Volumetric,,,,,,,,,,-0.089249,,,,,,,,,,-0.089249,-0.002141,,,,,,,,,,,,
1356,0BEC5021,Nodes,1118240,1672989.37,1313.064347,Default Known Flow Node,69.999969,0.579999,1000,0,Known Flow,0,0,2.17E-07,40,0.579999,1000,0,0,13,0,0.515374,0.579999,,,,7.493186,7.493186,,16.800279,,,,,,903.822387,0.066146,0,0,0,,-459.670013,1000,,0,0,,,,0.047077,SETFLOW,0,0.997565,0,,,,,,,,,,7.493186,,0,,0,,,0,0,,,,0,,-1,,0,0,-1,-1,,,,,,,,,,,,,,,,,,,,,Volumetric,,,,,,,,,,-0.010499,,,,,,,,,,-0.010499,-0.000251,,,,,,,,,,,,
1735,0BEC5054,Nodes,1118471.62,1671195,1313.064347,Default Known Flow Node,69.999969,0.579999,1000,0,Known Flow,0,0,2.17E-07,40,0.579999,1000,0,0,13,0,0.515371,0.579999,,,,6.926148,6.926148,,16.800279,,,,,,903.822387,0.066147,0,0,0,,-459.670013,1000,,0,0,,,,0.047012,SETFLOW,0,0.997569,0,,,,,,,,,,6.926148,,0,,0,,,0,0,,,,0,,-1,,0,0,-1,-1,,,,,,,,,,,,,,,,,,,,,Volumetric,,,,,,,,,,-0.048075,,,,,,,,,,-0.048075,-0.001153,,,,,,,,,,,,
1736,0BEC5057,Nodes,1118464.75,1671162.62,1313.064347,Default Known Flow Node,69.999969,0.579999,1000,0,Known Flow,0,0,2.17E-07,40,0.579999,1000,0,0,13,0,0.515371,0.579999,,,,6.912448,6.912448,,16.800279,,,,,,903.822387,0.066147,0,0,0,,-459.670013,1000,,0,0,,,,0.047011,SETFLOW,0,0.997569,0,,,,,,,,,,6.912448,,0,,0,,,0,0,,,,0,,-1,,0,0,-1,-1,,,,,,,,,,,,,,,,,,,,,Volumetric,,,,,,,,,,-0.275339,,,,,,,,,,-0.275339,-0.006608,,,,,,,,,,,,
1740,0BEC504D,Nodes,1118821,1671189.75,1313.064347,Default Known Flow Node,69.999969,0.579999,1000,0,Known Flow,0,0,2.17E-07,40,0.579999,1000,0,0,13,0,0.515371,0.579999,,,,7.040262,7.040262,,16.800279,,,,,,903.822387,0.066147,0,0,0,,-459.670013,1000,,0,0,,,,0.047025,SETFLOW,0,0.997568,0,,,,,,,,,,7.040262,,0,,0,,,0,0,,,,0,,-1,,0,0,-1,-1,,,,,,,,,,,,,,,,,,,,,Volumetric,,,,,,,,,,-0.048075,,,,,,,,,,-0.048075,-0.001153,,,,,,,,,,,,
1741,0BEC5058,Nodes,1118450,1671180.5,1313.064347,Default Known Flow Node,69.999969,0.579999,1000,0,Known Flow,0,0,2.17E-07,40,0.579999,1000,0,0,13,0,0.515371,0.579999,,,,6.907476,6.907476,,16.800279,,,,,,903.822387,0.066147,0,0,0,,-459.670013,1000,,0,0,,,,0.04701,UNDEFINED,0,0.997569,0,,,,,,,,,,6.907476,,0,,0,,,0,0,,,,0,,-1,,0,0,-1,-1,,,,,,,,,,,,,,,,,,,,,Volumetric,,,,,,,,,,0,,,,,,,,,,0,0,,,,,,,,,,,,
1742,0BEC5059,Nodes,1118433.12,1671183,1313.064347,Default Known Flow Node,69.999969,0.579999,1000,0,Known Flow,0,0,2.17E-07,40,0.579999,1000,0,0,13,0,0.515371,0.579999,,,,6.907278,6.907278,,16.800279,,,,,,903.822387,0.066147,0,0,0,,-459.670013,1000,,0,0,,,,0.04701,SETFLOW,0,0.997569,0,,,,,,,,,,6.907278,,0,,0,,,0,0,,,,0,,-1,,0,0,-1,-1,,,,,,,,,,,,,,,,,,,,,Volumetric,,,,,,,,,,-0.287357,,,,,,,,,,-0.287357,-0.006896,,,,,,,,,,,,
1743,0BEC5052,Nodes,1118787.62,1671200.5,1313.064347,Default Known Flow Node,69.999969,0.579999,1000,0,Known Flow,0,0,2.17E-07,40,0.579999,1000,0,0,13,0,0.515371,0.579999,,,,7.037077,7.037077,,16.800279,,,,,,903.822387,0.066147,0,0,0,,-459.670013,1000,,0,0,,,,0.047025,SETFLOW,0,0.997568,0,,,,,,,,,,7.037077,,0,,0,,,0,0,,,,0,,-1,,0,0,-1,-1,,,,,,,,,,,,,,,,,,,,,Volumetric,,,,,,,,,,-0.034053,,,,,,,,,,-0.034053,-0.000817,,,,,,,,,,,,
1744,0BEC5051,Nodes,1118793.37,1671200.62,1313.064347,Default Known Flow Node,69.999969,0.579999,1000,0,Known Flow,0,0,2.17E-07,40,0.579999,1000,0,0,13,0,0.515371,0.579999,,,,7.03921,7.03921,,16.800279,,,,,,903.822387,0.066147,0,0,0,,-459.670013,1000,,0,0,,,,0.047025,SETFLOW,0,0.997568,0,,,,,,,,,,7.03921,,0,,0,,,0,0,,,,0,,-1,,0,0,-1,-1,,,,,,,,,,,,,,,,,,,,,Volumetric,,,,,,,,,,-0.034053,,,,,,,,,,-0.034053,-0.000817,,,,,,,,,,,,
1745,0BEC5050,Nodes,1118796,1671200.87,1313.064347,Default Known Flow Node,69.999969,0.579999,1000,0,Known Flow,0,0,2.17E-07,40,0.579999,1000,0,0,13,0,0.515371,0.579999,,,,7.040345,7.040345,,16.800279,,,,,,903.822387,0.066147,0,0,0,,-459.670013,1000,,0,0,,,,0.047025,UNDEFINED,0,0.997568,0,,,,,,,,,,7.040345,,0,,0,,,0,0,,,,0,,-1,,0,0,-1,-1,,,,,,,,,,,,,,,,,,,,,Volumetric,,,,,,,,,,0,,,,,,,,,,0,0,,,,,,,,,,,,
1746,0BEC504E,Nodes,1118813.37,1671200.87,1313.064347,Default Known Flow Node,69.999969,0.579999,1000,0,Known Flow,0,0,2.17E-07,40,0.579999,1000,0,0,13,0,0.515371,0.579999,,,,7.045495,7.045495,,16.800279,,,,,,903.822387,0.066147,0,0,0,,-459.670013,1000,,0,0,,,,0.047026,SETFLOW,0,0.997568,0,,,,,,,,,,7.045495,,0,,0,,,0,0,,,,0,,-1,,0,0,-1,-1,,,,,,,,,,,,,,,,,,,,,Volumetric,,,,,,,,,,-0.677057,,,,,,,,,,-0.677057,-0.016249,,,,,,,,,,,,
1747,0BEC504F,Nodes,1118807.5,1671200.75,1313.064347,Default Known Flow Node,69.999969,0.579999,1000,0,Known Flow,0,0,2.17E-07,40,0.579999,1000,0,0,13,0,0.515371,0.579999,,,,7.044886,7.044886,,16.800279,,,,,,903.822387,0.066147,0,0,0,,-459.670013,1000,,0,0,,,,0.047026,UNDEFINED,0,0.997568,0,,,,,,,,,,7.044886,,0,,0,,,0,0,,,,0,,-1,,0,0,-1,-1,,,,,,,,,,,,,,,,,,,,,Volumetric,,,,,,,,,,0,,,,,,,,,,0,0,,,,,,,,,,,,
1748,0BEC5055,Nodes,1118473.25,1671203.37,1313.064347,Default Known Flow Node,69.999969,0.579999,1000,0,Known Flow,0,0,2.17E-07,40,0.579999,1000,0,0,13,0,0.515371,0.579999,,,,6.928319,6.928319,,16.800279,,,,,,903.822387,0.066147,0,0,0,,-459.670013,1000,,0,0,,,,0.047013,UNDEFINED,0,0.997569,0,,,,,,,,,,6.928319,,0,,0,,,0,0,,,,0,,-1,,0,0,-1,-1,,,,,,,,,,,,,,,,,,,,,Volumetric,,,,,,,,,,0,,,,,,,,,,0,0,,,,,,,,,,,,
1753,0BEC5056,Nodes,1118475,1671214,1313.064347,Default Known Flow Node,69.999969,0.579999,1000,0,Known Flow,0,0,2.17E-07,40,0.579999,1000,0,0,13,0,0.515371,0.579999,,,,6.930972,6.930972,,16.800279,,,,,,903.822387,0.066147,0,0,0,,-459.670013,1000,,0,0,,,,0.047013,SETFLOW,0,0.997569,0,,,,,,,,,,6.930972,,0,,0,,,0,0,,,,0,,-1,,0,0,-1,-1,,,,,,,,,,,,,,,,,,,,,Volumetric,,,,,,,,,,-0.185016,,,,,,,,,,-0.185016,-0.00444,,,,,,,,,,,,
1758,0BEC4F8B,Nodes,1118233.75,1671233.75,1313.064347,Default Known Flow Node,69.999969,0.579999,1000,0,Known Flow,0,0,2.17E-07,40,0.579999,1000,0,0,13,0,0.515371,0.579999,,,,6.906139,6.906139,,16.800279,,,,,,903.822387,0.066147,0,0,0,,-459.670013,1000,,0,0,,,,0.04701,SETFLOW,0,0.997569,0,,,,,,,,,,6.906139,,0,,0,,,0,0,,,,0,,-1,,0,0,-1,-1,,,,,,,,,,,,,,,,,,,,,Volumetric,,,,,,,,,,-0.348665,,,,,,,,,,-0.348665,-0.008367,,,,,,,,,,,,
1759,0BEC5092,Nodes,1118499.25,1671380,1313.064347,Default Known Flow Node,69.999969,0.579999,1000,0,Known Flow,0,0,2.17E-07,40,0.579999,1000,0,0,13,0,0.515371,0.579999,,,,6.957407,6.957407,,16.800279,,,,,,903.822387,0.066147,0,0,0,,-459.670013,1000,,0,0,,,,0.047016,SETFLOW,0,0.997569,0,,,,,,,,,,6.957407,,0,,0,,,0,0,,,,0,,-1,,0,0,-1,-1,,,,,,,,,,,,,,,,,,,,,Volumetric,,,,,,,,,,-0.402082,,,,,,,,,,-0.402082,-0.009649,,,,,,,,,,,,
1760,0BEC5090,Nodes,1118795.12,1671380,1313.064347,Default Known Flow Node,69.999969,0.579999,1000,0,Known Flow,0,0,2.17E-07,40,0.579999,1000,0,0,13,0,0.515371,0.579999,,,,7.038999,7.038999,,16.800279,,,,,,903.822387,0.066147,0,0,0,,-459.670013,1000,,0,0,,,,0.047025,SETFLOW,0,0.997568,0,,,,,,,,,,7.038999,,0,,0,,,0,0,,,,0,,-1,,0,0,-1,-1,,,,,,,,,,,,,,,,,,,,,Volumetric,,,,,,,,,,-0.084131,,,,,,,,,,-0.084131,-0.002019,,,,,,,,,,,,
1761,0BEC50DA,Nodes,1119181.13,1671570.918,1313.064347,Default Known Flow Node,69.999969,0.579999,1000,0,Known Flow,0,0,2.17E-07,40,0.579999,1000,0,0,13,0,0.515377,0.579999,,,,8.032476,8.032476,,16.800279,,,,,,903.822387,0.066146,0,0,0,,-459.670013,1000,,0,0,,,,0.047138,SETFLOW,0,0.997562,0,,,,,,,,,,8.032476,,0,,0,,,0,0,,,,0,,-1,,0,0,-1,-1,,,,,,,,,,,,,,,,,,,,,Volumetric,,,,,,,,,,-0.00661,,,,,,,,,,-0.00661,-0.000158,,,,,,,,,,,,
1762,Q3No46,Nodes,1119173.052,1671566.933,1313.064347,Default Known Flow Node,69.999969,0.579999,1000,0,Known Flow,0,0,2.17E-07,40,0.579999,1000,0,0,13,0,0.515377,0.579999,,,,8.027012,8.027012,,16.800279,,,,,,903.822387,0.066146,0,0,0,,-459.670013,1000,,0,0,,,,0.047138,UNDEFINED,0,0.997562,0,,,,,,,,,,8.027012,,0,,0,,,0,0,,,,0,,-1,,0,0,0,-1,,,,,,,,,,,,,,,,,,,,,Volumetric,,,,,,,,,,0,,,,,,,,,,0,0,,,,,,,,,,,,
1763,Q3No48,Nodes,1119129.812,1671515.876,1313.064347,Default Known Flow Node,69.999969,0.579999,1000,0,Known Flow,0,0,2.17E-07,40,0.579999,1000,0,0,13,0,0.515377,0.579999,,,,7.987653,7.987653,,16.800279,,,,,,903.822387,0.066146,0,0,0,,-459.670013,1000,,0,0,,,,0.047133,UNDEFINED,0,0.997563,0,,,,,,,,,,7.987653,,0,,0,,,0,0,,,,0,,-1,,0,0,0,-1,,,,,,,,,,,,,,,,,,,,,Volumetric,,,,,,,,,,0,,,,,,,,,,0,0,,,,,,,,,,,,
1764,0BEC50C3,Nodes,1118509.25,1671575.25,1313.064347,Default Known Flow Node,69.999969,0.579999,1000,0,Known Flow,0,0,2.17E-07,40,0.579999,1000,0,0,13,0,0.515371,0.579999,,,,6.991918,6.991918,,16.800279,,,,,,903.822387,0.066147,0,0,0,,-459.670013,1000,,0,0,,,,0.04702,SETFLOW,0,0.997568,0,,,,,,,,,,6.991918,,0,,0,,,0,0,,,,0,,-1,,0,0,-1,-1,,,,,,,,,,,,,,,,,,,,,Volumetric,,,,,,,,,,-0.150797,,,,,,,,,,-0.150797,-0.003619,,,,,,,,,,,,
1765,0BEC50C4,Nodes,1118512.62,1671575.25,1313.064347,Default Known Flow Node,69.999969,0.579999,1000,0,Known Flow,0,0,2.17E-07,40,0.579999,1000,0,0,13,0,0.515371,0.579999,,,,6.991918,6.991918,,16.800279,,,,,,903.822387,0.066147,0,0,0,,-459.670013,1000,,0,0,,,,0.04702,UNDEFINED,0,0.997568,0,,,,,,,,,,6.991918,,0,,0,,,0,0,,,,0,,-1,,0,0,-1,-1,,,,,,,,,,,,,,,,,,,,,Volumetric,,,,,,,,,,0,,,,,,,,,,0,0,,,,,,,,,,,,
1766,0BEC50C1,Nodes,1118798.75,1671581.75,1313.064347,Default Known Flow Node,69.999969,0.579999,1000,0,Known Flow,0,0,2.17E-07,40,0.579999,1000,0,0,13,0,0.515371,0.579999,,,,7.038911,7.038911,,16.800279,,,,,,903.822387,0.066147,0,0,0,,-459.670013,1000,,0,0,,,,0.047025,SETFLOW,0,0.997568,0,,,,,,,,,,7.038911,,0,,0,,,0,0,,,,0,,-1,,0,0,-1,-1,,,,,,,,,,,,,,,,,,,,,Volumetric,,,,,,,,,,-0.030647,,,,,,,,,,-0.030647,-0.000735,,,,,,,,,,,,
1767,0BEC50C0,Nodes,1118798.87,1671584.5,1313.064347,Default Known Flow Node,69.999969,0.579999,1000,0,Known Flow,0,0,2.17E-07,40,0.579999,1000,0,0,13,0,0.515371,0.579999,,,,7.038908,7.038908,,16.800279,,,,,,903.822387,0.066147,0,0,0,,-459.670013,1000,,0,0,,,,0.047025,SETFLOW,0,0.997568,0,,,,,,,,,,7.038908,,0,,0,,,0,0,,,,0,,-1,,0,0,-1,-1,,,,,,,,,,,,,,,,,,,,,Volumetric,,,,,,,,,,-0.093646,,,,,,,,,,-0.093646,-0.002247,,,,,,,,,,,,
1768,0BEC50BF,Nodes,1118723.12,1671909.62,1313.064347,Default Known Flow Node,69.999969,0.579999,1000,0,Known Flow,0,0,2.17E-07,40,0.579999,1000,0,0,13,0,0.515371,0.579999,,,,7.040045,7.040045,,16.800279,,,,,,903.822387,0.066147,0,0,0,,-459.670013,1000,,0,0,,,,0.047025,SETFLOW,0,0.997568,0,,,,,,,,,,7.040045,,0,,0,,,0,0,,,,0,,-1,,0,0,-1,-1,,,,,,,,,,,,,,,,,,,,,Volumetric,,,,,,,,,,-0.064171,,,,,,,,,,-0.064171,-0.00154,,,,,,,,,,,,
1769,0BEC50C8,Nodes,1119051.458,1671846.709,1313.064347,Default Known Flow Node,69.999969,0.579999,1000,0,Known Flow,0,0,2.17E-07,40,0.579999,1000,0,0,13,0,0.515376,0.579999,,,,7.933457,7.933457,,16.800279,,,,,,903.822387,0.066146,0,0,0,,-459.670013,1000,,0,0,,,,0.047127,SETFLOW,0,0.997563,0,,,,,,,,,,7.933457,,0,,0,,,0,0,,,,0,,-1,,0,0,-1,-1,,,,,,,,,,,,,,,,,,,,,Volumetric,,,,,,,,,,-0.773517,,,,,,,,,,-0.773517,-0.018564,,,,,,,,,,,,
1770,2FB27E07,Nodes,1119053.965,1671836.169,1313.064347,Default Known Flow Node,69.999969,0.579999,1000,0,Known Flow,0,0,2.17E-07,40,0.579999,1000,0,0,13,0,0.515376,0.579999,,,,7.93441,7.93441,,16.800279,,,,,,903.822387,0.066146,0,0,0,,-459.670013,1000,,0,0,,,,0.047127,SETFLOW,0,0.997563,0,,,,,,,,,,7.93441,,0,,0,,,0,0,,,,0,,-1,,0,0,-1,-1,,,,,,,,,,,,,,,,,,,,,Volumetric,,,,,,,,,,-0.906495,,,,,,,,,,-0.906495,-0.021755,,,,,,,,,,,,
1771,2FBB3A97,Nodes,1118340.87,1671658.62,1313.064347,Default Known Flow Node,69.999969,0.579999,1000,0,Known Flow,0,0,2.17E-07,40,0.579999,1000,0,0,13,0,0.515371,0.579999,,,,6.975881,6.975881,,16.800279,,,,,,903.822387,0.066147,0,0,0,,-459.670013,1000,,0,0,,,,0.047018,SETFLOW,0,0.997569,0,,,,,,,,,,6.975881,,0,,0,,,0,0,,,,0,,-1,,0,0,-1,-1,,,,,,,,,,,,,,,,,,,,,Volumetric,,,,,,,,,,-0.133185,,,,,,,,,,-0.133185,-0.003196,,,,,,,,,,,,
1772,0BEC50C6,Nodes,1118467,1671692.62,1313.064347,Default Known Flow Node,69.999969,0.579999,1000,0,Known Flow,0,0,2.17E-07,40,0.579999,1000,0,0,13,0,0.515371,0.579999,,,,7.00633,7.00633,,16.800279,,,,,,903.822387,0.066147,0,0,0,,-459.670013,1000,,0,0,,,,0.047022,SETFLOW,0,0.997568,0,,,,,,,,,,7.00633,,0,,0,,,0,0,,,,0,,-1,,0,0,-1,-1,,,,,,,,,,,,,,,,,,,,,Volumetric,,,,,,,,,,-0.008805,,,,,,,,,,-0.008805,-0.000211,,,,,,,,,,,,
1773,0BEC50C5,Nodes,1118500.12,1671702.37,1313.064347,Default Known Flow Node,69.999969,0.579999,1000,0,Known Flow,0,0,2.17E-07,40,0.579999,1000,0,0,13,0,0.515371,0.579999,,,,7.015385,7.015385,,16.800279,,,,,,903.822387,0.066147,0,0,0,,-459.670013,1000,,0,0,,,,0.047023,SETFLOW,0,0.997568,0,,,,,,,,,,7.015385,,0,,0,,,0,0,,,,0,,-1,,0,0,-1,-1,,,,,,,,,,,,,,,,,,,,,Volumetric,,,,,,,,,,-0.161804,,,,,,,,,,-0.161804,-0.003883,,,,,,,,,,,,
1774,0BEC50CA,Nodes,1119050.77,1671855.643,1313.064347,Default Known Flow Node,69.999969,0.579999,1000,0,Known Flow,0,0,2.17E-07,40,0.579999,1000,0,0,13,0,0.515376,0.579999,,,,7.933086,7.933086,,16.800279,,,,,,903.822387,0.066146,0,0,0,,-459.670013,1000,,0,0,,,,0.047127,SETFLOW,0,0.997563,0,,,,,,,,,,7.933086,,0,,0,,,0,0,,,,0,,-1,,0,0,-1,-1,,,,,,,,,,,,,,,,,,,,,Volumetric,,,,,,,,,,-0.580606,,,,,,,,,,-0.580606,-0.013934,,,,,,,,,,,,
1775,0BEC50C7,Nodes,1119256.5,1671902,1313.064347,Default Known Flow Node,69.999969,0.579999,1000,0,Known Flow,0,0,2.17E-07,40,0.579999,1000,0,0,13,0,0.515376,0.579999,,,,7.933965,7.933965,,16.800279,,,,,,903.822387,0.066146,0,0,0,,-459.670013,1000,,0,0,,,,0.047127,SETFLOW,0,0.997563,0,,,,,,,,,,7.933965,,0,,0,,,0,0,,,,0,,-1,,0,0,-1,-1,,,,,,,,,,,,,,,,,,,,,Volumetric,,,,,,,,,,-0.511308,,,,,,,,,,-0.511308,-0.012271,,,,,,,,,,,,
1776,Q3No50,Nodes,1119094.141,1671856.775,1313.064347,Default Known Flow Node,69.999969,0.579999,1000,0,Known Flow,0,0,2.17E-07,40,0.579999,1000,0,0,13,0,0.515376,0.579999,,,,7.933491,7.933491,,16.800279,,,,,,903.822387,0.066146,0,0,0,,-459.670013,1000,,0,0,,,,0.047127,UNDEFINED,0,0.997563,0,,,,,,,,,,7.933491,,0,,0,,,0,0,,,,0,,-1,,0,0,0,-1,,,,,,,,,,,,,,,,,,,,,Volumetric,,,,,,,,,,0,,,,,,,,,,0,0,,,,,,,,,,,,
1777,0BEC50C9,Nodes,1119000.899,1672064.516,1313.064347,Default Known Flow Node,69.999969,0.579999,1000,0,Known Flow,0,0,2.17E-07,40,0.579999,1000,0,0,13,0,0.515376,0.579999,,,,7.930729,7.930729,,16.800279,,,,,,903.822387,0.066146,0,0,0,,-459.670013,1000,,0,0,,,,0.047127,SETFLOW,0,0.997563,0,,,,,,,,,,7.930729,,0,,0,,,0,0,,,,0,,-1,,0,0,-1,-1,,,,,,,,,,,,,,,,,,,,,Volumetric,,,,,,,,,,-0.577408,,,,,,,,,,-0.577408,-0.013857,,,,,,,,,,,,
1778,Q3No53,Nodes,1119007.724,1672035.93,1313.064347,Default Known Flow Node,69.999969,0.579999,1000,0,Known Flow,0,0,2.17E-07,40,0.579999,1000,0,0,13,0,0.515376,0.579999,,,,7.93104,7.93104,,16.800279,,,,,,903.822387,0.066146,0,0,0,,-459.670013,1000,,0,0,,,,0.047127,UNDEFINED,0,0.997563,0,,,,,,,,,,7.93104,,0,,0,,,0,0,,,,0,,-1,,0,0,0,-1,,,,,,,,,,,,,,,,,,,,,Volumetric,,,,,,,,,,0,,,,,,,,,,0,0,,,,,,,,,,,,
1779,0BEC50DB,Nodes,1119260,1671906.12,1313.064347,Default Known Flow Node,69.999969,0.579999,1000,0,Known Flow,0,0,2.17E-07,40,0.579999,1000,0,0,13,0,0.515376,0.579999,,,,7.934285,7.934285,,16.800279,,,,,,903.822387,0.066146,0,0,0,,-459.670013,1000,,0,0,,,,0.047127,UNDEFINED,0,0.997563,0,,,,,,,,,,7.934285,,0,,0,,,0,0,,,,0,,-1,,0,0,-1,-1,,,,,,,,,,,,,,,,,,,,,Volumetric,,,,,,,,,,0,,,,,,,,,,0,0,,,,,,,,,,,,
1780,0BEC50BE,Nodes,1118713,1671952.75,1313.064347,Default Known Flow Node,69.999969,0.579999,1000,0,Known Flow,0,0,2.17E-07,40,0.579999,1000,0,0,13,0,0.515371,0.579999,,,,7.040324,7.040324,,16.800279,,,,,,903.822387,0.066147,0,0,0,,-459.670013,1000,,0,0,,,,0.047025,UNDEFINED,0,0.997568,0,,,,,,,,,,7.040324,,0,,0,,,0,0,,,,0,,-1,,0,0,-1,-1,,,,,,,,,,,,,,,,,,,,,Volumetric,,,,,,,,,,0,,,,,,,,,,0,0,,,,,,,,,,,,
1781,0BEC50BD,Nodes,1118704.62,1671970.62,1313.064347,Default Known Flow Node,69.999969,0.579999,1000,0,Known Flow,0,0,2.17E-07,40,0.579999,1000,0,0,13,0,0.515371,0.579999,,,,7.040463,7.040463,,16.800279,,,,,,903.822387,0.066147,0,0,0,,-459.670013,1000,,0,0,,,,0.047025,SETFLOW,0,0.997568,0,,,,,,,,,,7.040463,,0,,0,,,0,0,,,,0,,-1,,0,0,-1,-1,,,,,,,,,,,,,,,,,,,,,Volumetric,,,,,,,,,,-0.190092,,,,,,,,,,-0.190092,-0.004562,,,,,,,,,,,,
1782,0BEC50B6,Nodes,1118449.12,1671955.37,1313.064347,Default Known Flow Node,69.999969,0.579999,1000,0,Known Flow,0,0,2.17E-07,40,0.579999,1000,0,0,13,0,0.515372,0.579999,,,,7.090215,7.090215,,16.800279,,,,,,903.822387,0.066147,0,0,0,,-459.670013,1000,,0,0,,,,0.047031,SETFLOW,0,0.997568,0,,,,,,,,,,7.090215,,0,,0,,,0,0,,,,0,,-1,,0,0,-1,-1,,,,,,,,,,,,,,,,,,,,,Volumetric,,,,,,,,,,-0.360509,,,,,,,,,,-0.360509,-0.008652,,,,,,,,,,,,
1783,0BEC50BC,Nodes,1118706,1671981.5,1313.064347,Default Known Flow Node,69.999969,0.579999,1000,0,Known Flow,0,0,2.17E-07,40,0.579999,1000,0,0,13,0,0.515371,0.579999,,,,7.040724,7.040724,,16.800279,,,,,,903.822387,0.066147,0,0,0,,-459.670013,1000,,0,0,,,,0.047025,SETFLOW,0,0.997568,0,,,,,,,,,,7.040724,,0,,0,,,0,0,,,,0,,-1,,0,0,-1,-1,,,,,,,,,,,,,,,,,,,,,Volumetric,,,,,,,,,,-0.185455,,,,,,,,,,-0.185455,-0.00445,,,,,,,,,,,,
1784,0BEC50BA,Nodes,1118697.62,1672020.62,1313.064347,Default Known Flow Node,69.999969,0.579999,1000,0,Known Flow,0,0,2.17E-07,40,0.579999,1000,0,0,13,0,0.515371,0.579999,,,,7.042852,7.042852,,16.800279,,,,,,903.822387,0.066147,0,0,0,,-459.670013,1000,,0,0,,,,0.047026,SETFLOW,0,0.997568,0,,,,,,,,,,7.042852,,0,,0,,,0,0,,,,0,,-1,,0,0,-1,-1,,,,,,,,,,,,,,,,,,,,,Volumetric,,,,,,,,,,-0.064968,,,,,,,,,,-0.064968,-0.001559,,,,,,,,,,,,
1785,0BEC50B9,Nodes,1118635.25,1672004.25,1313.064347,Default Known Flow Node,69.999969,0.579999,1000,0,Known Flow,0,0,2.17E-07,40,0.579999,1000,0,0,13,0,0.515371,0.579999,,,,7.047801,7.047801,,16.800279,,,,,,903.822387,0.066147,0,0,0,,-459.670013,1000,,0,0,,,,0.047026,SETFLOW,0,0.997568,0,,,,,,,,,,7.047801,,0,,0,,,0,0,,,,0,,-1,,0,0,-1,-1,,,,,,,,,,,,,,,,,,,,,Volumetric,,,,,,,,,,-0.144112,,,,,,,,,,-0.144112,-0.003458,,,,,,,,,,,,
1786,0BEC50BB,Nodes,1118760.5,1672036.37,1313.064347,Default Known Flow Node,69.999969,0.579999,1000,0,Known Flow,0,0,2.17E-07,40,0.579999,1000,0,0,13,0,0.515371,0.579999,,,,7.042688,7.042688,,16.800279,,,,,,903.822387,0.066147,0,0,0,,-459.670013,1000,,0,0,,,,0.047026,SETFLOW,0,0.997568,0,,,,,,,,,,7.042688,,0,,0,,,0,0,,,,0,,-1,,0,0,-1,-1,,,,,,,,,,,,,,,,,,,,,Volumetric,,,,,,,,,,-0.055518,,,,,,,,,,-0.055518,-0.001332,,,,,,,,,,,,
1787,0BEC50B7,Nodes,1118377.25,1672155.75,1313.064347,Default Known Flow Node,69.999969,0.579999,1000,0,Known Flow,0,0,2.17E-07,40,0.579999,1000,0,0,13,0,0.515372,0.579999,,,,7.192631,7.192631,,16.800279,,,,,,903.822387,0.066146,0,0,0,,-459.670013,1000,,0,0,,,,0.047043,SETFLOW,0,0.997567,0,,,,,,,,,,7.192631,,0,,0,,,0,0,,,,0,,-1,,0,0,-1,-1,,,,,,,,,,,,,,,,,,,,,Volumetric,,,,,,,,,,-0.318937,,,,,,,,,,-0.318937,-0.007654,,,,,,,,,,,,
1788,2FB82ECE,Nodes,1118363.37,1672184.62,1313.064347,Default Known Flow Node,69.999969,0.579999,1000,0,Known Flow,0,0,2.17E-07,40,0.579999,1000,0,0,13,0,0.515372,0.579999,,,,7.206374,7.206374,,16.800279,,,,,,903.822387,0.066146,0,0,0,,-459.670013,1000,,0,0,,,,0.047044,UNDEFINED,0,0.997567,0,,,,,,,,,,7.206374,,0,,0,,,0,0,,,,0,,-1,,0,0,-1,-1,,,,,,,,,,,,,,,,,,,,,Volumetric,,,,,,,,,,0,,,,,,,,,,0,0,,,,,,,,,,,,
1789,0BEC50A4,Nodes,1118367.37,1672185.75,1313.064347,Default Known Flow Node,69.999969,0.579999,1000,0,Known Flow,0,0,2.17E-07,40,0.579999,1000,0,0,13,0,0.515372,0.579999,,,,7.208811,7.208811,,16.800279,,,,,,903.822387,0.066146,0,0,0,,-459.670013,1000,,0,0,,,,0.047045,SETFLOW,0,0.997567,0,,,,,,,,,,7.208811,,0,,0,,,0,0,,,,0,,-1,,0,0,-1,-1,,,,,,,,,,,,,,,,,,,,,Volumetric,,,,,,,,,,-0.666224,,,,,,,,,,-0.666224,-0.015989,,,,,,,,,,,,
1790,0BEC50B8,Nodes,1118377.25,1672156.75,1313.064347,Default Known Flow Node,69.999969,0.579999,1000,0,Known Flow,0,0,2.17E-07,40,0.579999,1000,0,0,13,0,0.515372,0.579999,,,,7.192631,7.192631,,16.800279,,,,,,903.822387,0.066146,0,0,0,,-459.670013,1000,,0,0,,,,0.047043,UNDEFINED,0,0.997567,0,,,,,,,,,,7.192631,,0,,0,,,0,0,,,,0,Control Node,-1,,0,0,-1,-1,,,,,,,,,,,,,,,,,,,,,Volumetric,,,,,,,,,,0,,,,,,,,,,0,0,,,,,,,,,,,,
1791,0BEC50A3,Nodes,1118275.75,1672435.75,1313.064347,Default Known Flow Node,69.999969,0.579999,1000,0,Known Flow,0,0,2.17E-07,40,0.579999,1000,0,0,13,0,0.515373,0.579999,,,,7.408908,7.408908,,16.800279,,,,,,903.822387,0.066146,0,0,0,,-459.670013,1000,,0,0,,,,0.047067,SETFLOW,0,0.997566,0,,,,,,,,,,7.408908,,0,,0,,,0,0,,,,0,,-1,,0,0,-1,-1,,,,,,,,,,,,,,,,,,,,,Volumetric,,,,,,,,,,-0.286124,,,,,,,,,,-0.286124,-0.006866,,,,,,,,,,,,
1792,0BEC50A6,Nodes,1118599.5,1672268.37,1313.064347,Default Known Flow Node,69.999969,0.579999,1000,0,Known Flow,0,0,2.17E-07,40,0.579999,1000,0,0,13,0,0.515372,0.579999,,,,7.206323,7.206323,,16.800279,,,,,,903.822387,0.066146,0,0,0,,-459.670013,1000,,0,0,,,,0.047044,SETFLOW,0,0.997567,0,,,,,,,,,,7.206323,,0,,0,,,0,0,,,,0,,-1,,0,0,-1,-1,,,,,,,,,,,,,,,,,,,,,Volumetric,,,,,,,,,,-0.151199,,,,,,,,,,-0.151199,-0.003628,,,,,,,,,,,,
1793,0BEC50A7,Nodes,1118641.25,1672279.12,1313.064347,Default Known Flow Node,69.999969,0.579999,1000,0,Known Flow,0,0,2.17E-07,40,0.579999,1000,0,0,13,0,0.515372,0.579999,,,,7.206192,7.206192,,16.800279,,,,,,903.822387,0.066146,0,0,0,,-459.670013,1000,,0,0,,,,0.047044,SETFLOW,0,0.997567,0,,,,,,,,,,7.206192,,0,,0,,,0,0,,,,0,,-1,,0,0,-1,-1,,,,,,,,,,,,,,,,,,,,,Volumetric,,,,,,,,,,-0.043312,,,,,,,,,,-0.043312,-0.001039,,,,,,,,,,,,
1794,0BEC50A8,Nodes,1118714.62,1672299,1313.064347,Default Known Flow Node,69.999969,0.579999,1000,0,Known Flow,0,0,2.17E-07,40,0.579999,1000,0,0,13,0,0.515372,0.579999,,,,7.206111,7.206111,,16.800279,,,,,,903.822387,0.066146,0,0,0,,-459.670013,1000,,0,0,,,,0.047044,SETFLOW,0,0.997567,0,,,,,,,,,,7.206111,,0,,0,,,0,0,,,,0,,-1,,0,0,-1,-1,,,,,,,,,,,,,,,,,,,,,Volumetric,,,,,,,,,,-0.023624,,,,,,,,,,-0.023624,-0.000566,,,,,,,,,,,,
1795,0BEC50A9,Nodes,1118744.75,1672180.12,1313.064347,Default Known Flow Node,69.999969,0.579999,1000,0,Known Flow,0,0,2.17E-07,40,0.579999,1000,0,0,13,0,0.515372,0.579999,,,,7.206111,7.206111,,16.800279,,,,,,903.822387,0.066146,0,0,0,,-459.670013,1000,,0,0,,,,0.047044,UNDEFINED,0,0.997567,0,,,,,,,,,,7.206111,,0,,0,,,0,0,,,,0,,-1,,0,0,-1,-1,,,,,,,,,,,,,,,,,,,,,Volumetric,,,,,,,,,,0,,,,,,,,,,0,0,,,,,,,,,,,,
1796,0BEC50AA,Nodes,1118709.37,1672320.5,1313.064347,Default Known Flow Node,69.999969,0.579999,1000,0,Known Flow,0,0,2.17E-07,40,0.579999,1000,0,0,13,0,0.515372,0.579999,,,,7.206111,7.206111,,16.800279,,,,,,903.822387,0.066146,0,0,0,,-459.670013,1000,,0,0,,,,0.047044,UNDEFINED,0,0.997567,0,,,,,,,,,,7.206111,,0,,0,,,0,0,,,,0,,-1,,0,0,-1,-1,,,,,,,,,,,,,,,,,,,,,Volumetric,,,,,,,,,,0,,,,,,,,,,0,0,,,,,,,,,,,,
1797,0BEC50B2,Nodes,1118834.37,1672325,1313.064347,Default Known Flow Node,69.999969,0.579999,1000,0,Known Flow,0,0,2.17E-07,40,0.579999,1000,0,0,13,0,0.515381,0.579999,,,,8.730878,8.730878,,16.800279,,,,,,903.822387,0.066145,0,0,0,,-459.670013,1000,,0,0,,,,0.047217,UNDEFINED,0,0.997558,0,,,,,,,,,,8.730878,,0,,0,,,0,0,,,,0,,-1,,0,0,-1,-1,,,,,,,,,,,,,,,,,,,,,Volumetric,,,,,,,,,,0,,,,,,,,,,0,0,,,,,,,,,,,,
1798,0BEC50B3,Nodes,1118858.37,1672331.25,1313.064347,Default Known Flow Node,69.999969,0.579999,1000,0,Known Flow,0,0,2.17E-07,40,0.579999,1000,0,0,13,0,0.515381,0.579999,,,,8.730878,8.730878,,16.800279,,,,,,903.822387,0.066145,0,0,0,,-459.670013,1000,,0,0,,,,0.047217,SETFLOW,0,0.997558,0,,,,,,,,,,8.730878,,0,,0,,,0,0,,,,0,,-1,,0,0,-1,-1,,,,,,,,,,,,,,,,,,,,,Volumetric,,,,,,,,,,-0.213937,,,,,,,,,,-0.213937,-0.005134,,,,,,,,,,,,
1799,0BEC50B4,Nodes,1119248.62,1672431.62,1313.064347,Default Known Flow Node,69.999969,0.579999,1000,0,Known Flow,0,0,2.17E-07,40,0.579999,1000,0,0,13,0,0.515381,0.579999,,,,8.734976,8.734976,,16.800279,,,,,,903.822387,0.066145,0,0,0,,-459.670013,1000,,0,0,,,,0.047218,UNDEFINED,0,0.997558,0,,,,,,,,,,8.734976,,0,,0,,,0,0,,,,0,,-1,,0,0,-1,-1,,,,,,,,,,,,,,,,,,,,,Volumetric,,,,,,,,,,0,,,,,,,,,,0,0,,,,,,,,,,,,
1800,0BEC50B5,Nodes,1119231.5,1672427.25,1313.064347,Default Known Flow Node,69.999969,0.579999,1000,0,Known Flow,0,0,2.17E-07,40,0.579999,1000,0,0,13,0,0.515381,0.579999,,,,8.734608,8.734608,,16.800279,,,,,,903.822387,0.066145,0,0,0,,-459.670013,1000,,0,0,,,,0.047218,SETFLOW,0,0.997558,0,,,,,,,,,,8.734608,,0,,0,,,0,0,,,,0,,-1,,0,0,-1,-1,,,,,,,,,,,,,,,,,,,,,Volumetric,,,,,,,,,,-0.161437,,,,,,,,,,-0.161437,-0.003874,,,,,,,,,,,,
1801,0BEC50D9,Nodes,1119260,1672434.62,1313.064347,Default Known Flow Node,69.999969,0.579999,1000,0,Known Flow,0,0,2.17E-07,40,0.579999,1000,0,0,13,0,0.515381,0.579999,,,,8.735343,8.735343,,16.800279,,,,,,903.822387,0.066145,0,0,0,,-459.670013,1000,,0,0,,,,0.047218,UNDEFINED,0,0.997558,0,,,,,,,,,,8.735343,,0,,0,,,0,0,,,,0,,-1,,0,0,-1,-1,,,,,,,,,,,,,,,,,,,,,Volumetric,,,,,,,,,,0,,,,,,,,,,0,0,,,,,,,,,,,,
1802,0BEC50A2,Nodes,1118270.37,1672450.12,1313.064347,Default Known Flow Node,69.999969,0.579999,1000,0,Known Flow,0,0,2.17E-07,40,0.579999,1000,0,0,13,0,0.515373,0.579999,,,,7.420274,7.420274,,16.800279,,,,,,903.822387,0.066146,0,0,0,,-459.670013,1000,,0,0,,,,0.047069,UNDEFINED,0,0.997566,0,,,,,,,,,,7.420274,,0,,0,,,0,0,,,,0,,-1,,0,0,-1,-1,,,,,,,,,,,,,,,,,,,,,Volumetric,,,,,,,,,,0,,,,,,,,,,0,0,,,,,,,,,,,,
1803,0BEC50A1,Nodes,1118268.5,1672455.37,1313.064347,Default Known Flow Node,69.999969,0.579999,1000,0,Known Flow,0,0,2.17E-07,40,0.579999,1000,0,0,13,0,0.515373,0.579999,,,,7.424952,7.424952,,16.800279,,,,,,903.822387,0.066146,0,0,0,,-459.670013,1000,,0,0,,,,0.047069,SETFLOW,0,0.997566,0,,,,,,,,,,7.424952,,0,,0,,,0,0,,,,0,,-1,,0,0,-1,-1,,,,,,,,,,,,,,,,,,,,,Volumetric,,,,,,,,,,-0.522374,,,,,,,,,,-0.522374,-0.012536,,,,,,,,,,,,
1804,0BEC4FC6,Nodes,1118240,1672447.75,1313.064347,Default Known Flow Node,69.999969,0.579999,1000,0,Known Flow,0,0,2.17E-07,40,0.579999,1000,0,0,13,0,0.515373,0.579999,,,,7.422672,7.422672,,16.800279,,,,,,903.822387,0.066146,0,0,0,,-459.670013,1000,,0,0,,,,0.047069,SETFLOW,0,0.997566,0,,,,,,,,,,7.422672,,0,,0,,,0,0,,,,0,,-1,,0,0,-1,-1,,,,,,,,,,,,,,,,,,,,,Volumetric,,,,,,,,,,-0.637874,,,,,,,,,,-0.637874,-0.015308,,,,,,,,,,,,
1805,0BEC50A5,Nodes,1118497.75,1672515.25,1313.064347,Default Known Flow Node,69.999969,0.579999,1000,0,Known Flow,0,0,2.17E-07,40,0.579999,1000,0,0,13,0,0.515375,0.579999,,,,7.757007,7.757007,,16.800279,,,,,,903.822387,0.066146,0,0,0,,-459.670013,1000,,0,0,,,,0.047107,SETFLOW,0,0.997564,0,,,,,,,,,,7.757007,,0,,0,,,0,0,,,,0,,-1,,0,0,-1,-1,,,,,,,,,,,,,,,,,,,,,Volumetric,,,,,,,,,,-0.419999,,,,,,,,,,-0.419999,-0.010079,,,,,,,,,,,,
1806,0BEC50AB,Nodes,1118976.5,1672639.12,1313.064347,Default Known Flow Node,69.999969,0.579999,1000,0,Known Flow,0,0,2.17E-07,40,0.579999,1000,0,0,13,0,0.515379,0.579999,,,,8.438373,8.438373,,16.800279,,,,,,903.822387,0.066146,0,0,0,,-459.670013,1000,,0,0,,,,0.047184,SETFLOW,0,0.99756,0,,,,,,,,,,8.438373,,0,,0,,,0,0,,,,0,,-1,,0,0,-1,-1,,,,,,,,,,,,,,,,,,,,,Volumetric,,,,,,,,,,-0.354374,,,,,,,,,,-0.354374,-0.008504,,,,,,,,,,,,
1807,2FB282FD,Nodes,1119059.75,1672661,1313.064347,Default Known Flow Node,69.999969,0.579999,1000,0,Known Flow,0,0,2.17E-07,40,0.579999,1000,0,0,13,0,0.51538,0.579999,,,,8.567348,8.567348,,16.800279,,,,,,903.822387,0.066145,0,0,0,,-459.670013,1000,,0,0,,,,0.047199,SETFLOW,0,0.997559,0,,,,,,,,,,8.567348,,0,,0,,,0,0,,,,0,"157-26 Northern Blvd AC= 0, Q= 3.430 mcfh, Firm",-1,,0,0,-1,-1,,,,,,,,,,,,,,,,,,,,,Volumetric,,,Volumetric,,,,,,,0,,,-3.429999,,,,,,,0,0,,,,,,,,,,,,
1808,2FB282FE,Nodes,1119069.75,1672663.5,1313.064347,Default Known Flow Node,69.999969,0.579999,1000,0,Known Flow,0,0,2.17E-07,40,0.579999,1000,0,0,13,0,0.51538,0.579999,,,,8.589238,8.589238,,16.800279,,,,,,903.822387,0.066145,0,0,0,,-459.670013,1000,,0,0,,,,0.047201,SETFLOW,0,0.997559,0,,,,,,,,,,8.589238,,0,,0,,,0,0,,,,0,,-1,,0,0,-1,-1,,,,,,,,,,,,,,,,,,,,,Volumetric,,,,,,,,,,-0.555186,,,,,,,,,,-0.555186,-0.013324,,,,,,,,,,,,
1809,0BEC50AC,Nodes,1119093.5,1672669.62,1313.064347,Default Known Flow Node,69.999969,0.579999,1000,0,Known Flow,0,0,2.17E-07,40,0.579999,1000,0,0,13,0,0.51538,0.579999,,,,8.628599,8.628599,,16.800279,,,,,,903.822387,0.066145,0,0,0,,-459.670013,1000,,0,0,,,,0.047206,UNDEFINED,0,0.997559,0,,,,,,,,,,8.628599,,0,,0,,,0,0,,,,0,,-1,,0,0,-1,-1,,,,,,,,,,,,,,,,,,,,,Volumetric,,,,,,,,,,0,,,,,,,,,,0,0,,,,,,,,,,,,
1810,0BEC50AD,Nodes,1119097.37,1672670.62,1313.064347,Default Known Flow Node,69.999969,0.579999,1000,0,Known Flow,0,0,2.17E-07,40,0.579999,1000,0,0,13,0,0.51538,0.579999,,,,8.640506,8.640506,,16.800279,,,,,,903.822387,0.066145,0,0,0,,-459.670013,1000,,0,0,,,,0.047207,UNDEFINED,0,0.997559,0,,,,,,,,,,8.640506,,0,,0,,,0,0,,,,0,,-1,,0,0,-1,-1,,,,,,,,,,,,,,,,,,,,,Volumetric,,,,,,,,,,0,,,,,,,,,,0,0,,,,,,,,,,,,
1811,0BEC50AE,Nodes,1119102.75,1672672,1313.064347,Default Known Flow Node,69.999969,0.579999,1000,0,Known Flow,0,0,2.17E-07,40,0.579999,1000,0,0,13,0,0.51538,0.579999,,,,8.649951,8.649951,,16.800279,,,,,,903.822387,0.066145,0,0,0,,-459.670013,1000,,0,0,,,,0.047208,UNDEFINED,0,0.997559,0,,,,,,,,,,8.649951,,0,,0,,,0,0,,,,0,,-1,,0,0,-1,-1,,,,,,,,,,,,,,,,,,,,,Volumetric,,,,,,,,,,0,,,,,,,,,,0,0,,,,,,,,,,,,
1812,0BEC50B0,Nodes,1119124.62,1672675.87,1313.064347,Default Known Flow Node,69.999969,0.579999,1000,0,Known Flow,0,0,2.17E-07,40,0.579999,1000,0,0,13,0,0.515381,0.579999,,,,8.706319,8.706319,,16.800279,,,,,,903.822387,0.066145,0,0,0,,-459.670013,1000,,0,0,,,,0.047215,UNDEFINED,0,0.997558,0,,,,,,,,,,8.706319,,0,,0,,,0,0,,,,0,,-1,,0,0,-1,-1,,,,,,,,,,,,,,,,,,,,,Volumetric,,,,,,,,,,0,,,,,,,,,,0,0,,,,,,,,,,,,
1813,0BEC50AF,Nodes,1119121.5,1672673.75,1313.064347,Default Known Flow Node,69.999969,0.579999,1000,0,Known Flow,0,0,2.17E-07,40,0.579999,1000,0,0,13,0,0.51538,0.579999,,,,8.700367,8.700367,,16.800279,,,,,,903.822387,0.066145,0,0,0,,-459.670013,1000,,0,0,,,,0.047214,UNDEFINED,0,0.997558,0,,,,,,,,,,8.700367,,0,,0,,,0,0,,,,0,,-1,,0,0,-1,-1,,,,,,,,,,,,,,,,,,,,,Volumetric,,,,,,,,,,0,,,,,,,,,,0,0,,,,,,,,,,,,
1814,0BEC509E,Nodes,1119155.62,1672688,1313.064347,Default Known Flow Node,69.999969,0.579999,1000,0,Known Flow,0,0,2.17E-07,40,0.579999,1000,0,0,13,0,0.515381,0.579999,,,,8.705644,8.705644,,16.800279,,,,,,903.822387,0.066145,0,0,0,,-459.670013,1000,,0,0,,,,0.047215,UNDEFINED,0,0.997558,0,,,,,,,,,,8.705644,,0,,0,,,0,0,,,,0,,-1,,0,0,-1,-1,,,,,,,,,,,,,,,,,,,,,Volumetric,,,,,,,,,,0,,,,,,,,,,0,0,,,,,,,,,,,,
1815,0BEC509F,Nodes,1119131.25,1672675.25,1313.064347,Default Known Flow Node,69.999969,0.579999,1000,0,Known Flow,0,0,2.17E-07,40,0.579999,1000,0,0,13,0,0.515381,0.579999,,,,8.706173,8.706173,,16.800279,,,,,,903.822387,0.066145,0,0,0,,-459.670013,1000,,0,0,,,,0.047215,UNDEFINED,0,0.997558,0,,,,,,,,,,8.706173,,0,,0,,,0,0,,,,0,,-1,,0,0,-1,-1,,,,,,,,,,,,,,,,,,,,,Volumetric,,,,,,,,,,0,,,,,,,,,,0,0,,,,,,,,,,,,
1816,0BEC50B1,Nodes,1119126.12,1672679.12,1313.064347,Default Known Flow Node,69.999969,0.579999,1000,0,Known Flow,0,0,2.17E-07,40,0.579999,1000,0,0,13,0,0.515381,0.579999,,,,8.716652,8.716652,,16.800279,,,,,,903.822387,0.066145,0,0,0,,-459.670013,1000,,0,0,,,,0.047216,SETFLOW,0,0.997558,0,,,,,,,,,,8.716652,,0,,0,,,0,0,,,,0,,-1,,0,0,-1,-1,,,,,,,,,,,,,,,,,,,,,Volumetric,,,,,,,,,,-0.065624,,,,,,,,,,-0.065624,-0.001574,,,,,,,,,,,,
1817,0BEC509C,Nodes,1119131,1672680.62,1313.064347,Default Known Flow Node,69.999969,0.579999,1000,0,Known Flow,0,0,2.17E-07,40,0.579999,1000,0,0,13,0,0.515381,0.579999,,,,8.725864,8.725864,,16.800279,,,,,,903.822387,0.066145,0,0,0,,-459.670013,1000,,0,0,,,,0.047217,UNDEFINED,0,0.997558,0,,,,,,,,,,8.725864,,0,,0,,,0,0,,,,0,,-1,,0,0,-1,-1,,,,,,,,,,,,,,,,,,,,,Volumetric,,,,,,,,,,0,,,,,,,,,,0,0,,,,,,,,,,,,
1818,0BEC50D5,Nodes,1119083.12,1672760,1313.064347,Default Known Flow Node,69.999969,0.579999,1000,0,Known Flow,0,0,2.17E-07,40,0.579999,1000,0,0,13,0,0.515381,0.579999,,,,8.726379,8.726379,,16.800279,,,,,,903.822387,0.066145,0,0,0,,-459.670013,1000,,0,0,,,,0.047217,SETFLOW,0,0.997558,0,,,,,,,,,,8.726379,,0,,0,,,0,0,,,,0,,-1,,0,0,-1,-1,,,,,,,,,,,,,,,,,,,,,Volumetric,,,,,,,,,,-0.085312,,,,,,,,,,-0.085312,-0.002047,,,,,,,,,,,,
1819,0BEC50D6,Nodes,1119260,1672463.5,1313.064347,Default Known Flow Node,69.999969,0.579999,1000,0,Known Flow,0,0,2.17E-07,40,0.579999,1000,0,0,13,0,0.515381,0.579999,,,,8.734773,8.734773,,16.800279,,,,,,903.822387,0.066145,0,0,0,,-459.670013,1000,,0,0,,,,0.047218,UNDEFINED,0,0.997558,0,,,,,,,,,,8.734773,,0,,0,,,0,0,,,,0,,-1,,0,0,-1,-1,,,,,,,,,,,,,,,,,,,,,Volumetric,,,,,,,,,,0,,,,,,,,,,0,0,,,,,,,,,,,,
1820,0BEC509D,Nodes,1119196.37,1672700,1313.064347,Default Known Flow Node,69.999969,0.579999,1000,0,Known Flow,0,0,2.17E-07,40,0.579999,1000,0,0,13,0,0.515381,0.579999,,,,8.704396,8.704396,,16.800279,,,,,,903.822387,0.066145,0,0,0,,-459.670013,1000,,0,0,,,,0.047214,SETFLOW,0,0.997558,0,,,,,,,,,,8.704396,,0,,0,,,0,0,,,,0,,-1,,0,0,-1,-1,,,,,,,,,,,,,,,,,,,,,Volumetric,,,,,,,,,,-0.014437,,,,,,,,,,-0.014437,-0.000346,,,,,,,,,,,,
1821,0BEC50D7,Nodes,1119259.75,1672715.75,1313.064347,Default Known Flow Node,69.999969,0.579999,1000,0,Known Flow,0,0,2.17E-07,40,0.579999,1000,0,0,13,0,0.515381,0.579999,,,,8.703208,8.703208,,16.800279,,,,,,903.822387,0.066145,0,0,0,,-459.670013,1000,,0,0,,,,0.047214,SETFLOW,0,0.997558,0,,,,,,,,,,8.703208,,0,,0,,,0,0,,,,0,,-1,,0,0,-1,-1,,,,,,,,,,,,,,,,,,,,,Volumetric,,,,,,,,,,-0.049874,,,,,,,,,,-0.049874,-0.001196,,,,,,,,,,,,
1822,0BEC50A0,Nodes,1118349.75,1672747,1313.064347,Default Known Flow Node,69.999969,0.579999,1000,0,Known Flow,0,0,2.17E-07,40,0.579999,1000,0,0,13,0,0.515373,0.579999,,,,7.418717,7.418717,,16.800279,,,,,,903.822387,0.066146,0,0,0,,-459.670013,1000,,0,0,,,,0.047068,SETFLOW,0,0.997566,0,,,,,,,,,,7.418717,,0,,0,,,0,0,,,,0,,-1,,0,0,-1,-1,,,,,,,,,,,,,,,,,,,,,Volumetric,,,,,,,,,,-0.164062,,,,,,,,,,-0.164062,-0.003937,,,,,,,,,,,,
1823,0BEC50D8,Nodes,1118401.12,1672760,1313.064347,Default Known Flow Node,69.999969,0.579999,1000,0,Known Flow,0,0,2.17E-07,40,0.579999,1000,0,0,13,0,0.515373,0.579999,,,,7.418085,7.418085,,16.800279,,,,,,903.822387,0.066146,0,0,0,,-459.670013,1000,,0,0,,,,0.047068,SETFLOW,0,0.997566,0,,,,,,,,,,7.418085,,0,,0,,,0,0,,,,0,,-1,,0,0,-1,-1,,,,,,,,,,,,,,,,,,,,,Volumetric,,,,,,,,,,-0.150937,,,,,,,,,,-0.150937,-0.003622,,,,,,,,,,,,
1824,0BEC5122,Nodes,1118479.37,1672777.37,1313.064347,Default Known Flow Node,69.999969,0.579999,1000,0,Known Flow,0,0,2.17E-07,40,0.579999,1000,0,0,13,0,0.515373,0.579999,,,,7.41771,7.41771,,16.800279,,,,,,903.822387,0.066146,0,0,0,,-459.670013,1000,,0,0,,,,0.047068,SETFLOW,0,0.997566,0,,,,,,,,,,7.41771,,0,,0,,,0,0,,,,0,,-1,,0,0,-1,-1,,,,,,,,,,,,,,,,,,,,,Volumetric,,,,,,,,,,-0.057749,,,,,,,,,,-0.057749,-0.001385,,,,,,,,,,,,
1825,0BEC50F3,Nodes,1118991.87,1672908.75,1313.064347,Default Known Flow Node,69.999969,0.579999,1000,0,Known Flow,0,0,2.17E-07,40,0.579999,1000,0,0,13,0,0.515381,0.579999,,,,8.727366,8.727366,,16.800279,,,,,,903.822387,0.066145,0,0,0,,-459.670013,1000,,0,0,,,,0.047217,SETFLOW,0,0.997558,0,,,,,,,,,,8.727366,,0,,0,,,0,0,,,,0,,-1,,0,0,-1,-1,,,,,,,,,,,,,,,,,,,,,Volumetric,,,,,,,,,,-0.570936,,,,,,,,,,-0.570936,-0.013702,,,,,,,,,,,,
1826,0BEC5121,Nodes,1118581.62,1672803,1313.064347,Default Known Flow Node,69.999969,0.579999,1000,0,Known Flow,0,0,2.17E-07,40,0.579999,1000,0,0,13,0,0.515373,0.579999,,,,7.417454,7.417454,,16.800279,,,,,,903.822387,0.066146,0,0,0,,-459.670013,1000,,0,0,,,,0.047068,SETFLOW,0,0.997566,0,,,,,,,,,,7.417454,,0,,0,,,0,0,,,,0,,-1,,0,0,-1,-1,,,,,,,,,,,,,,,,,,,,,Volumetric,,,,,,,,,,-0.053812,,,,,,,,,,-0.053812,-0.001291,,,,,,,,,,,,
1827,0BEC50F0,Nodes,1118714.75,1672838.37,1313.064347,Default Known Flow Node,69.999969,0.579999,1000,0,Known Flow,0,0,2.17E-07,40,0.579999,1000,0,0,13,0,0.515379,0.579999,,,,8.49575,8.49575,,16.800279,,,,,,903.822387,0.066146,0,0,0,,-459.670013,1000,,0,0,,,,0.047191,SETFLOW,0,0.99756,0,,,,,,,,,,8.49575,,0,,0,,,0,0,,,,0,"40-19/21 159 St, Q = -2.65 mcfh, Firm DONE",-1,,0,0,-1,-1,,,,,,,,,,,,,,,,,,,,,,,,,,Volumetric,,,,,,,,,,-2.650000,,,,,-2.65,-0.0636,,,,,,,,,,,,
1828,0BEC50F1,Nodes,1118876.25,1672879.62,1313.064347,Default Known Flow Node,69.999969,0.579999,1000,0,Known Flow,0,0,2.17E-07,40,0.579999,1000,0,0,13,0,0.51538,0.579999,,,,8.647177,8.647177,,16.800279,,,,,,903.822387,0.066145,0,0,0,,-459.670013,1000,,0,0,,,,0.047208,SETFLOW,0,0.997559,0,,,,,,,,,,8.647177,,0,,0,,,0,0,,,,0,,-1,,0,0,-1,-1,,,,,,,,,,,,,,,,,,,,,Volumetric,,,,,,,,,,-0.024937,,,,,,,,,,-0.024937,-0.000598,,,,,,,,,,,,
1829,0BEC50F2,Nodes,1118900.5,1672885.25,1313.064347,Default Known Flow Node,69.999969,0.579999,1000,0,Known Flow,0,0,2.17E-07,40,0.579999,1000,0,0,13,0,0.51538,0.579999,,,,8.671433,8.671433,,16.800279,,,,,,903.822387,0.066145,0,0,0,,-459.670013,1000,,0,0,,,,0.047211,SETFLOW,0,0.997559,0,,,,,,,,,,8.671433,,0,,0,,,0,0,,,,0,,-1,,0,0,-1,-1,,,,,,,,,,,,,,,,,,,,,Volumetric,,,,,,,,,,-0.053812,,,,,,,,,,-0.053812,-0.001291,,,,,,,,,,,,
1830,0BEC50F6,Nodes,1118951.75,1672897.87,1313.064347,Default Known Flow Node,69.999969,0.579999,1000,0,Known Flow,0,0,2.17E-07,40,0.579999,1000,0,0,13,0,0.51538,0.579999,,,,8.683031,8.683031,,16.800279,,,,,,903.822387,0.066145,0,0,0,,-459.670013,1000,,0,0,,,,0.047212,SETFLOW,0,0.997559,0,,,,,,,,,,8.683031,,0,,0,,,0,0,,,,0,,-1,,0,0,-1,-1,,,,,,,,,,,,,,,,,,,,,Volumetric,,,,,,,,,,-0.053812,,,,,,,,,,-0.053812,-0.001291,,,,,,,,,,,,
1831,0BEC50F7,Nodes,1118981.87,1672905.87,1313.064347,Default Known Flow Node,69.999969,0.579999,1000,0,Known Flow,0,0,2.17E-07,40,0.579999,1000,0,0,13,0,0.515381,0.579999,,,,8.714049,8.714049,,16.800279,,,,,,903.822387,0.066145,0,0,0,,-459.670013,1000,,0,0,,,,0.047216,UNDEFINED,0,0.997558,0,,,,,,,,,,8.714049,,0,,0,,,0,0,,,,0,,-1,,0,0,-1,-1,,,,,,,,,,,,,,,,,,,,,Volumetric,,,,,,,,,,0,,,,,,,,,,0,0,,,,,,,,,,,,
1832,0BEC50F8,Nodes,1118986.87,1672907.25,1313.064347,Default Known Flow Node,69.999969,0.579999,1000,0,Known Flow,0,0,2.17E-07,40,0.579999,1000,0,0,13,0,0.515381,0.579999,,,,8.722002,8.722002,,16.800279,,,,,,903.822387,0.066145,0,0,0,,-459.670013,1000,,0,0,,,,0.047216,SETFLOW,0,0.997558,0,,,,,,,,,,8.722002,,0,,0,,,0,0,,,,0,,-1,,0,0,-1,-1,,,,,,,,,,,,,,,,,,,,,Volumetric,,,,,,,,,,-0.018374,,,,,,,,,,-0.018374,-0.00044,,,,,,,,,,,,
1833,0BEC50F4,Nodes,1118995,1672910,1313.064347,Default Known Flow Node,69.999969,0.579999,1000,0,Known Flow,0,0,2.17E-07,40,0.579999,1000,0,0,13,0,0.515381,0.579999,,,,8.726773,8.726773,,16.800279,,,,,,903.822387,0.066145,0,0,0,,-459.670013,1000,,0,0,,,,0.047217,UNDEFINED,0,0.997558,0,,,,,,,,,,8.726773,,0,,0,,,0,0,,,,0,,-1,,0,0,-1,-1,,,,,,,,,,,,,,,,,,,,,Volumetric,,,,,,,,,,0,,,,,,,,,,0,0,,,,,,,,,,,,
1834,0BEC50F5,Nodes,1119113.62,1672939.37,1313.064347,Default Known Flow Node,69.999969,0.579999,1000,0,Known Flow,0,0,2.17E-07,40,0.579999,1000,0,0,13,0,0.515381,0.579999,,,,8.712178,8.712178,,16.800279,,,,,,903.822387,0.066145,0,0,0,,-459.670013,1000,,0,0,,,,0.047215,SETFLOW,0,0.997558,0,,,,,,,,,,8.712178,,0,,0,,,0,0,,,,0,,-1,,0,0,-1,-1,,,,,,,,,,,,,,,,,,,,,Volumetric,,,,,,,,,,-0.095812,,,,,,,,,,-0.095812,-0.002299,,,,,,,,,,,,
1835,0BEC50ED,Nodes,1118391.75,1673024.37,1313.064347,Default Known Flow Node,69.999969,0.579999,1000,0,Known Flow,0,0,2.17E-07,40,0.579999,1000,0,0,13,0,0.515374,0.579999,,,,7.547109,7.547109,,16.800279,,,,,,903.822387,0.066146,0,0,0,,-459.670013,1000,,0,0,,,,0.047083,SETFLOW,0,0.997565,0,,,,,,,,,,7.547109,,0,,0,,,0,0,,,,0,,-1,,0,0,-1,-1,,,,,,,,,,,,,,,,,,,,,Volumetric,,,,,,,,,,-0.237562,,,,,,,,,,-0.237562,-0.005701,,,,,,,,,,,,
1836,0BEC50EE,Nodes,1118395.37,1673025.37,1313.064347,Default Known Flow Node,69.999969,0.579999,1000,0,Known Flow,0,0,2.17E-07,40,0.579999,1000,0,0,13,0,0.515374,0.579999,,,,7.547106,7.547106,,16.800279,,,,,,903.822387,0.066146,0,0,0,,-459.670013,1000,,0,0,,,,0.047083,SETFLOW,0,0.997565,0,,,,,,,,,,7.547106,,0,,0,,,0,0,,,,0,,-1,,0,0,-1,-1,,,,,,,,,,,,,,,,,,,,,Volumetric,,,,,,,,,,-0.069562,,,,,,,,,,-0.069562,-0.001669,,,,,,,,,,,,
1837,0BEC50EF,Nodes,1118470,1673047.5,1313.064347,Default Known Flow Node,69.999969,0.579999,1000,0,Known Flow,0,0,2.17E-07,40,0.579999,1000,0,0,13,0,0.515374,0.579999,,,,7.547036,7.547036,,16.800279,,,,,,903.822387,0.066146,0,0,0,,-459.670013,1000,,0,0,,,,0.047083,SETFLOW,0,0.997565,0,,,,,,,,,,7.547036,,0,,0,,,0,0,,,,0,,-1,,0,0,-1,-1,,,,,,,,,,,,,,,,,,,,,Volumetric,,,,,,,,,,-0.069562,,,,,,,,,,-0.069562,-0.001669,,,,,,,,,,,,
2253,0BEC51AD,Nodes,1119280,1671907.75,1313.064347,Default Known Flow Node,69.999969,0.579999,1000,0,Known Flow,0,0,2.17E-07,40,0.579999,1000,0,0,13,0,0.515376,0.579999,,,,7.935624,7.935624,,16.800279,,,,,,903.822387,0.066146,0,0,0,,-459.670013,1000,,0,0,,,,0.047127,SETFLOW,0,0.997563,0,,,,,,,,,,7.935624,,0,,0,,,0,0,,,,0,,-1,,0,0,-1,-1,,,,,,,,,,,,,,,,,,,,,Volumetric,,,,,,,,,,-0.421407,,,,,,,,,,-0.421407,-0.010113,,,,,,,,,,,,
2254,0BEC51AC,Nodes,1119369.25,1671932.25,1313.064347,Default Known Flow Node,69.999969,0.579999,1000,0,Known Flow,0,0,2.17E-07,40,0.579999,1000,0,0,13,0,0.515376,0.579999,,,,7.950943,7.950943,,16.800279,,,,,,903.822387,0.066146,0,0,0,,-459.670013,1000,,0,0,,,,0.047129,SETFLOW,0,0.997563,0,,,,,,,,,,7.950943,,0,,0,,,0,0,,,,0,,-1,,0,0,-1,-1,,,,,,,,,,,,,,,,,,,,,Volumetric,,,,,,,,,,-0.397059,,,,,,,,,,-0.397059,-0.009529,,,,,,,,,,,,
2255,0BEC51AB,Nodes,1119403,1671941.87,1313.064347,Default Known Flow Node,69.999969,0.579999,1000,0,Known Flow,0,0,2.17E-07,40,0.579999,1000,0,0,13,0,0.515376,0.579999,,,,7.961289,7.961289,,16.800279,,,,,,903.822387,0.066146,0,0,0,,-459.670013,1000,,0,0,,,,0.04713,SETFLOW,0,0.997563,0,,,,,,,,,,7.961289,,0,,0,,,0,0,,,,0,,-1,,0,0,-1,-1,,,,,,,,,,,,,,,,,,,,,Volumetric,,,,,,,,,,-0.005618,,,,,,,,,,-0.005618,-0.000134,,,,,,,,,,,,
2258,Q3No334,Nodes,1119404.241,1671954.733,1313.064347,Default Known Flow Node,69.999969,0.579999,1000,0,Known Flow,0,0,2.17E-07,40,0.579999,1000,0,0,13,0,0.515376,0.579999,,,,7.960307,7.960307,,16.800279,,,,,,903.822387,0.066146,0,0,0,,-459.670013,1000,,0,0,,,,0.04713,UNDEFINED,0,0.997563,0,,,,,,,,,,7.960307,,0,,0,,,0,0,,,,0,,-1,,0,0,0,-1,,,,,,,,,,,,,,,,,,,,,Volumetric,,,,,,,,,,0,,,,,,,,,,0,0,,,,,,,,,,,,
2259,0BEC51AE,Nodes,1119404.861,1671961.044,1313.064347,Default Known Flow Node,69.999969,0.579999,1000,0,Known Flow,0,0,2.17E-07,40,0.579999,1000,0,0,13,0,0.515376,0.579999,,,,7.959821,7.959821,,16.800279,,,,,,903.822387,0.066146,0,0,0,,-459.670013,1000,,0,0,,,,0.04713,UNDEFINED,0,0.997563,0,,,,,,,,,,7.959821,,0,,0,,,0,0,,,,0,,-1,,0,0,-1,-1,,,,,,,,,,,,,,,,,,,,,Volumetric,,,,,,,,,,0,,,,,,,,,,0,0,,,,,,,,,,,,
2260,Q3No336,Nodes,1119395.949,1671976.241,1313.064347,Default Known Flow Node,69.999969,0.579999,1000,0,Known Flow,0,0,2.17E-07,40,0.579999,1000,0,0,13,0,0.515376,0.579999,,,,7.959535,7.959535,,16.800279,,,,,,903.822387,0.066146,0,0,0,,-459.670013,1000,,0,0,,,,0.04713,UNDEFINED,0,0.997563,0,,,,,,,,,,7.959535,,0,,0,,,0,0,,,,0,V69628,-1,,0,0,0,-1,,,,,,,,,,,,,,,,,,,,,Volumetric,,,,,,,,,,0,,,,,,,,,,0,0,,,,,,,,,,,,
2263,0BEC51AF,Nodes,1119401.591,1672001.184,1313.064347,Default Known Flow Node,69.999969,0.579999,1000,0,Known Flow,0,0,2.17E-07,40,0.579999,1000,0,0,13,0,0.515376,0.579999,,,,7.959162,7.959162,,16.800279,,,,,,903.822387,0.066146,0,0,0,,-459.670013,1000,,0,0,,,,0.04713,SETFLOW,0,0.997563,0,,,,,,,,,,7.959162,,0,,0,,,0,0,,,,0,,-1,,0,0,-1,-1,,,,,,,,,,,,,,,,,,,,,Volumetric,,,,,,,,,,-0.316722,,,,,,,,,,-0.316722,-0.007601,,,,,,,,,,,,
2264,0BEC51B1,Nodes,1119392.735,1672150.296,1313.064347,Default Known Flow Node,69.999969,0.579999,1000,0,Known Flow,0,0,2.17E-07,40,0.579999,1000,0,0,13,0,0.515376,0.579999,,,,7.958584,7.958584,,16.800279,,,,,,903.822387,0.066146,0,0,0,,-459.670013,1000,,0,0,,,,0.04713,SETFLOW,0,0.997563,0,,,,,,,,,,7.958584,,0,,0,,,0,0,,,,0,,-1,,0,0,-1,-1,,,,,,,,,,,,,,,,,,,,,Volumetric,,,,,,,,,,-0.316113,,,,,,,,,,-0.316113,-0.007586,,,,,,,,,,,,
2265,0BEC51B2,Nodes,1119392.271,1672154.893,1313.064347,Default Known Flow Node,69.999969,0.579999,1000,0,Known Flow,0,0,2.17E-07,40,0.579999,1000,0,0,13,0,0.515376,0.579999,,,,7.958584,7.958584,,16.800279,,,,,,903.822387,0.066146,0,0,0,,-459.670013,1000,,0,0,,,,0.04713,UNDEFINED,0,0.997563,0,,,,,,,,,,7.958584,,0,,0,,,0,0,,,,0,,-1,,0,0,-1,-1,,,,,,,,,,,,,,,,,,,,,Volumetric,,,,,,,,,,0,,,,,,,,,,0,0,,,,,,,,,,,,
2284,0BEC51B3,Nodes,1119274,1672439,1313.064347,Default Known Flow Node,69.999969,0.579999,1000,0,Known Flow,0,0,2.17E-07,40,0.579999,1000,0,0,13,0,0.515381,0.579999,,,,8.735803,8.735803,,16.800279,,,,,,903.822387,0.066145,0,0,0,,-459.670013,1000,,0,0,,,,0.047218,UNDEFINED,0,0.997558,0,,,,,,,,,,8.735803,,0,,0,,,0,0,,,,0,,-1,,0,0,-1,-1,,,,,,,,,,,,,,,,,,,,,Volumetric,,,,,,,,,,0,,,,,,,,,,0,0,,,,,,,,,,,,
2285,0BEC51A8,Nodes,1119277.37,1672440,1313.064347,Default Known Flow Node,69.999969,0.579999,1000,0,Known Flow,0,0,2.17E-07,40,0.579999,1000,0,0,13,0,0.515381,0.579999,,,,8.735804,8.735804,,16.800279,,,,,,903.822387,0.066145,0,0,0,,-459.670013,1000,,0,0,,,,0.047218,SETFLOW,0,0.997558,0,,,,,,,,,,8.735804,,0,,0,,,0,0,,,,0,,-1,,0,0,-1,-1,,,,,,,,,,,,,,,,,,,,,Volumetric,,,,,,,,,,-0.565686,,,,,,,,,,-0.565686,-0.013576,,,,,,,,,,,,
2286,0BEC51A9,Nodes,1119276.5,1672441.62,1313.064347,Default Known Flow Node,69.999969,0.579999,1000,0,Known Flow,0,0,2.17E-07,40,0.579999,1000,0,0,13,0,0.515381,0.579999,,,,8.735653,8.735653,,16.800279,,,,,,903.822387,0.066145,0,0,0,,-459.670013,1000,,0,0,,,,0.047218,UNDEFINED,0,0.997558,0,,,,,,,,,,8.735653,,0,,0,,,0,0,,,,0,,-1,,0,0,-1,-1,,,,,,,,,,,,,,,,,,,,,Volumetric,,,,,,,,,,0,,,,,,,,,,0,0,,,,,,,,,,,,
2287,0BEC51B4,Nodes,1119278.75,1672442.37,1313.064347,Default Known Flow Node,69.999969,0.579999,1000,0,Known Flow,0,0,2.17E-07,40,0.579999,1000,0,0,13,0,0.515381,0.579999,,,,8.735653,8.735653,,16.800279,,,,,,903.822387,0.066145,0,0,0,,-459.670013,1000,,0,0,,,,0.047218,UNDEFINED,0,0.997558,0,,,,,,,,,,8.735653,,0,,0,,,0,0,,,,0,,-1,,0,0,-1,-1,,,,,,,,,,,,,,,,,,,,,Volumetric,,,,,,,,,,0,,,,,,,,,,0,0,,,,,,,,,,,,
2288,0BEC51AA,Nodes,1119267.87,1672455.62,1313.064347,Default Known Flow Node,69.999969,0.579999,1000,0,Known Flow,0,0,2.17E-07,40,0.579999,1000,0,0,13,0,0.515381,0.579999,,,,8.735125,8.735125,,16.800279,,,,,,903.822387,0.066145,0,0,0,,-459.670013,1000,,0,0,,,,0.047218,UNDEFINED,0,0.997558,0,,,,,,,,,,8.735125,,0,,0,,,0,0,,,,0,,-1,,0,0,-1,-1,,,,,,,,,,,,,,,,,,,,,Volumetric,,,,,,,,,,0,,,,,,,,,,0,0,,,,,,,,,,,,
3540,3W6,Nodes,1118510.62,1671970.87,1313.064347,Default Known Flow Node,69.999969,0.579999,1000,0,Known Flow,0,0,2.17E-07,40,0.579999,1000,0,0,13,0,0.515371,0.579999,,,,7.061116,7.061116,,16.800279,,,,,,903.822387,0.066147,0,0,0,,-459.670013,1000,,0,0,,,,0.047028,SETFLOW,0,0.997568,0,,,,,,,,,,7.061116,,0,,0,,,0,0,,,,0,"155-17 Sanford Ave, (moved to firm 11/1/08)",-1,,0,0,-1,-1,,,,,,,,,,,,,,,,,,,,,,,,,,Volumetric,,,,,,,,,,-1.047036,,,,,-1.047036,-0.025128,,,,,,,,,,,,
3750,2FBB32A6,Nodes,1117994,1673166.75,1313.064347,Default Known Flow Node,69.999969,0.579999,1000,0,Known Flow,0,0,2.17E-07,40,0.579999,1000,0,0,13,0,0.515373,0.579999,,,,7.42895,7.42895,,16.800279,,,,,,903.822387,0.066146,0,0,0,,-459.670013,1000,,0,0,,,,0.04707,UNDEFINED,0,0.997566,0,,,,,,,,,,7.42895,,0,,0,,,0,0,,,,0,,-1,,0,0,-1,-1,,,,,,,,,,,,,,,,,,,,,Volumetric,,,,,,,,,,0,,,,,,,,,,0,0,,,,,,,,,,,,
3751,2FBB32AB,Nodes,1117992.62,1673170.37,1313.064347,Default Known Flow Node,69.999969,0.579999,1000,0,Known Flow,0,0,2.17E-07,40,0.579999,1000,0,0,13,0,0.515373,0.579999,,,,7.428994,7.428994,,16.800279,,,,,,903.822387,0.066146,0,0,0,,-459.670013,1000,,0,0,,,,0.04707,UNDEFINED,0,0.997566,0,,,,,,,,,,7.428994,,0,,0,,,0,0,,,,0,,-1,,0,0,-1,-1,,,,,,,,,,,,,,,,,,,,,Volumetric,,,,,,,,,,0,,,,,,,,,,0,0,,,,,,,,,,,,
3791,2FBBDA1D,Nodes,1119359.5,1672465.25,1313.064347,Default Known Flow Node,69.999969,0.579999,1000,0,Known Flow,0,0,2.17E-07,40,0.579999,1000,0,0,13,0,0.515381,0.579999,,,,8.711598,8.711598,,16.800279,,,,,,903.822387,0.066145,0,0,0,,-459.670013,1000,,0,0,,,,0.047215,UNDEFINED,0,0.997558,0,,,,,,,,,,8.711598,,0,,0,,,0,0,,,,0,,-1,,0,0,-1,-1,,,,,,,,,,,,,,,,,,,,,Volumetric,,,,,,,,,,0,,,,,,,,,,0,0,,,,,,,,,,,,
3792,2FBBDA1E,Nodes,1119361.75,1672465.87,1313.064347,Default Known Flow Node,69.999969,0.579999,1000,0,Known Flow,0,0,2.17E-07,40,0.579999,1000,0,0,13,0,0.515381,0.579999,,,,8.710348,8.710348,,16.800279,,,,,,903.822387,0.066145,0,0,0,,-459.670013,1000,,0,0,,,,0.047215,SETFLOW,0,0.997558,0,,,,,,,,,,8.710348,,0,,0,,,0,0,,,,0,,-1,,0,0,-1,-1,,,,,,,,,,,,,,,,,,,,,Volumetric,,,,,,,,,,-0.045937,,,,,,,,,,-0.045937,-0.001102,,,,,,,,,,,,
3793,2FBBDA1C,Nodes,1119362.87,1672466.12,1313.064347,Default Known Flow Node,69.999969,0.579999,1000,0,Known Flow,0,0,2.17E-07,40,0.579999,1000,0,0,13,0,0.515381,0.579999,,,,8.710022,8.710022,,16.800279,,,,,,903.822387,0.066145,0,0,0,,-459.670013,1000,,0,0,,,,0.047215,UNDEFINED,0,0.997558,0,,,,,,,,,,8.710022,,0,,0,,,0,0,,,,0,,-1,,0,0,-1,-1,,,,,,,,,,,,,,,,,,,,,Volumetric,,,,,,,,,,0,,,,,,,,,,0,0,,,,,,,,,,,,
3794,0BEC51B5,Nodes,1119364,1672466.37,1313.064347,Default Known Flow Node,69.999969,0.579999,1000,0,Known Flow,0,0,2.17E-07,40,0.579999,1000,0,0,13,0,0.515381,0.579999,,,,8.709805,8.709805,,16.800279,,,,,,903.822387,0.066145,0,0,0,,-459.670013,1000,,0,0,,,,0.047215,UNDEFINED,0,0.997558,0,,,,,,,,,,8.709805,,0,,0,,,0,0,,,,0,,-1,,0,0,-1,-1,,,,,,,,,,,,,,,,,,,,,Volumetric,,,,,,,,,,0,,,,,,,,,,0,0,,,,,,,,,,,,
3795,2FBBDA1F,Nodes,1119449.87,1672273.5,1313.064347,Default Known Flow Node,69.999969,0.579999,1000,0,Known Flow,0,0,2.17E-07,40,0.579999,1000,0,0,13,0,0.515381,0.579999,,,,8.702883,8.702883,,16.800279,,,,,,903.822387,0.066145,0,0,0,,-459.670013,1000,,0,0,,,,0.047214,SETFLOW,0,0.997558,0,,,,,,,,,,8.702883,,0,,0,,,0,0,,,,0,"156-09 Northern Blvd, Firm (S09-35385-Q)",-1,,0,0,-1,-1,,,,,,,,,,,,,,,,,,,,,,,,,,Volumetric,,,,,,,,,,-0.225899,,,,,-0.225899,-0.005421,,,,,,,,,,,,
3843,2FBC2240,Nodes,1118490.25,1671751.25,1313.064347,Default Known Flow Node,69.999969,0.579999,1000,0,Known Flow,0,0,2.17E-07,40,0.579999,1000,0,0,13,0,0.515371,0.579999,,,,7.02818,7.02818,,16.800279,,,,,,903.822387,0.066147,0,0,0,,-459.670013,1000,,0,0,,,,0.047024,UNDEFINED,0,0.997568,0,,,,,,,,,,7.02818,,0,,0,,,0,0,,,,0,,-1,,0,0,-1,-1,,,,,,,,,,,,,,,,,,,,,Volumetric,,,,,,,,,,0,,,,,,,,,,0,0,,,,,,,,,,,,
3844,2FBC223F,Nodes,1118479.37,1671805.5,1313.064347,Default Known Flow Node,69.999969,0.579999,1000,0,Known Flow,0,0,2.17E-07,40,0.579999,1000,0,0,13,0,0.515371,0.579999,,,,7.051331,7.051331,,16.800279,,,,,,903.822387,0.066147,0,0,0,,-459.670013,1000,,0,0,,,,0.047027,UNDEFINED,0,0.997568,0,,,,,,,,,,7.051331,,0,,0,,,0,0,,,,0,,-1,,0,0,-1,-1,,,,,,,,,,,,,,,,,,,,,Volumetric,,,,,,,,,,0,,,,,,,,,,0,0,,,,,,,,,,,,
3896,2FBBA236,Nodes,1117860.25,1671280.62,1313.064347,Default Known Flow Node,69.999969,0.579999,1000,0,Known Flow,0,0,2.17E-07,40,0.579999,1000,0,0,13,0,0.515371,0.579999,,,,6.957699,6.957699,,16.800279,,,,,,903.822387,0.066147,0,0,0,,-459.670013,1000,,0,0,,,,0.047016,UNDEFINED,0,0.997569,0,,,,,,,,,,6.957699,,0,,0,,,0,0,,,,0,,-1,,0,0,-1,-1,,,,,,,,,,,,,,,,,,,,,Volumetric,,,,,,,,,,0,,,,,,,,,,0,0,,,,,,,,,,,,
4271,0BF5C28E,Nodes,1118357.87,1672478.75,1313.064347,Default Known Flow Node,69.999969,0.579999,1000,0,Known Flow,0,0,2.17E-07,40,0.579999,1000,0,0,13,0,0.515374,0.579999,,,,7.553883,7.553883,,16.800279,,,,,,903.822387,0.066146,0,0,0,,-459.670013,1000,,0,0,,,,0.047084,UNDEFINED,0,0.997565,0,,,,,,,,,,7.553883,,0,,0,,,0,0,,,,0,"157-11 Sanford Ave (POE 158 St) Q=6.885 mcfh, Firm (S13-09045-Q)",-1,,0,0,-1,-1,,,,,,,,,,,,,,,,,,,,,Volumetric,,,,,,,,,,0,,,,,,,,,,0,0,,,,,,,,,,,,
4294,2FBF840F,Nodes,1118386.87,1673023.25,1313.064347,Default Known Flow Node,69.999969,0.579999,1000,0,Known Flow,0,0,2.17E-07,40,0.579999,1000,0,0,13,0,0.515374,0.579999,,,,7.546682,7.546682,,16.800279,,,,,,903.822387,0.066146,0,0,0,,-459.670013,1000,,0,0,,,,0.047083,UNDEFINED,0,0.997565,0,,,,,,,,,,7.546682,,0,,0,,,0,0,,,,0,,-1,,0,0,-1,-1,,,,,,,,,,,,,,,,,,,,,Volumetric,,,,,,,,,,0,,,,,,,,,,0,0,,,,,,,,,,,,
4295,2FBF39E9,Nodes,1118365.25,1673023,1313.064347,Default Known Flow Node,69.999969,0.579999,1000,0,Known Flow,0,0,2.17E-07,40,0.579999,1000,0,0,13,0,0.515374,0.579999,,,,7.544633,7.544633,,16.800279,,,,,,903.822387,0.066146,0,0,0,,-459.670013,1000,,0,0,,,,0.047083,UNDEFINED,0,0.997565,0,,,,,,,,,,7.544633,,0,,0,,,0,0,,,,0,,-1,,0,0,-1,-1,,,,,,,,,,,,,,,,,,,,,Volumetric,,,,,,,,,,0,,,,,,,,,,0,0,,,,,,,,,,,,
4296,2FBF39FC,Nodes,1118391.37,1673026.12,1313.064347,Default Known Flow Node,69.999969,0.579999,1000,0,Known Flow,0,0,2.17E-07,40,0.579999,1000,0,0,13,0,0.515374,0.579999,,,,7.547353,7.547353,,16.800279,,,,,,903.822387,0.066146,0,0,0,,-459.670013,1000,,0,0,,,,0.047083,UNDEFINED,0,0.997565,0,,,,,,,,,,7.547353,,0,,0,,,0,0,,,,0,,-1,,0,0,-1,-1,,,,,,,,,,,,,,,,,,,,,Volumetric,,,,,,,,,,0,,,,,,,,,,0,0,,,,,,,,,,,,
3927,2FBC4E3E,Nodes,1119116.75,1672940.25,1313.064347,Default Known Flow Node,69.999969,0.579999,1000,0,Known Flow,0,0,2.17E-07,40,0.579999,1000,0,0,13,0,0.515381,0.579999,,,,8.712169,8.712169,,16.800279,,,,,,903.822387,0.066145,0,0,0,,-459.670013,1000,,0,0,,,,0.047215,UNDEFINED,0,0.997558,0,,,,,,,,,,8.712169,,0,,0,,,0,0,,,,0,,-1,,0,0,-1,-1,,,,,,,,,,,,,,,,,,,,,Volumetric,,,,,,,,,,0,,,,,,,,,,0,0,,,,,,,,,,,,
4196,2FBC6AC8,Nodes,1118228.75,1671234.75,1313.064347,Default Known Flow Node,69.999969,0.579999,1000,0,Known Flow,0,0,2.17E-07,40,0.579999,1000,0,0,13,0,0.515371,0.579999,,,,6.906111,6.906111,,16.800279,,,,,,903.822387,0.066147,0,0,0,,-459.670013,1000,,0,0,,,,0.04701,UNDEFINED,0,0.997569,0,,,,,,,,,,6.906111,,0,,0,,,0,0,,,,0,,-1,,0,0,-1,-1,,,,,,,,,,,,,,,,,,,,,Volumetric,,,,,,,,,,0,,,,,,,,,,0,0,,,,,,,,,,,,
4197,2FBC6AC7,Nodes,1118190.87,1671243,1313.064347,Default Known Flow Node,69.999969,0.579999,1000,0,Known Flow,0,0,2.17E-07,40,0.579999,1000,0,0,13,0,0.515371,0.579999,,,,6.90591,6.90591,,16.800279,,,,,,903.822387,0.066147,0,0,0,,-459.670013,1000,,0,0,,,,0.04701,UNDEFINED,0,0.997569,0,,,,,,,,,,6.90591,,0,,0,,,0,0,,,,0,,-1,,0,0,-1,-1,,,,,,,,,,,,,,,,,,,,,Volumetric,,,,,,,,,,0,,,,,,,,,,0,0,,,,,,,,,,,,
4198,2FBC6ACD,Nodes,1118151.75,1671278.75,1313.064347,Default Known Flow Node,69.999969,0.579999,1000,0,Known Flow,0,0,2.17E-07,40,0.579999,1000,0,0,13,0,0.515371,0.579999,,,,6.905821,6.905821,,16.800279,,,,,,903.822387,0.066147,0,0,0,,-459.670013,1000,,0,0,,,,0.04701,SETFLOW,0,0.997569,0,,,,,,,,,,6.905821,,0,,0,,,0,0,,,,0,,-1,,0,0,-1,-1,,,,,,,,,,,,,,,,,,,,,Volumetric,,,,,,,,,,-0.059567,,,,,,,,,,-0.059567,-0.001429,,,,,,,,,,,,
4199,0BEC4FA5,Nodes,1118179.5,1671446.37,1313.064347,Default Known Flow Node,69.999969,0.579999,1000,0,Known Flow,0,0,2.17E-07,40,0.579999,1000,0,0,13,0,0.515371,0.579999,,,,6.905821,6.905821,,16.800279,,,,,,903.822387,0.066147,0,0,0,,-459.670013,1000,,0,0,,,,0.04701,UNDEFINED,0,0.997569,0,,,,,,,,,,6.905821,,0,,0,,,0,0,,,,0,,-1,,0,0,-1,-1,,,,,,,,,,,,,,,,,,,,,Volumetric,,,,,,,,,,0,,,,,,,,,,0,0,,,,,,,,,,,,
4200,2FBC6AC5,Nodes,1118127.62,1671255.87,1313.064347,Default Known Flow Node,69.999969,0.579999,1000,0,Known Flow,0,0,2.17E-07,40,0.579999,1000,0,0,13,0,0.515371,0.579999,,,,6.908186,6.908186,,16.800279,,,,,,903.822387,0.066147,0,0,0,,-459.670013,1000,,0,0,,,,0.04701,UNDEFINED,0,0.997569,0,,,,,,,,,,6.908186,,0,,0,,,0,0,,,,0,,-1,,0,0,-1,-1,,,,,,,,,,,,,,,,,,,,,Volumetric,,,,,,,,,,0,,,,,,,,,,0,0,,,,,,,,,,,,
4201,2FBC6AC9,Nodes,1118122.5,1671256.75,1313.064347,Default Known Flow Node,69.999969,0.579999,1000,0,Known Flow,0,0,2.17E-07,40,0.579999,1000,0,0,13,0,0.515371,0.579999,,,,6.909073,6.909073,,16.800279,,,,,,903.822387,0.066147,0,0,0,,-459.670013,1000,,0,0,,,,0.047011,UNDEFINED,0,0.997569,0,,,,,,,,,,6.909073,,0,,0,,,0,0,,,,0,,-1,,0,0,-1,-1,,,,,,,,,,,,,,,,,,,,,Volumetric,,,,,,,,,,0,,,,,,,,,,0,0,,,,,,,,,,,,
4202,2FBC232F,Nodes,1117889.87,1671296.37,1313.064347,Default Known Flow Node,69.999969,0.579999,1000,0,Known Flow,0,0,2.17E-07,40,0.579999,1000,0,0,13,0,0.515371,0.579999,,,,6.943908,6.943908,,16.800279,,,,,,903.822387,0.066147,0,0,0,,-459.670013,1000,,0,0,,,,0.047014,UNDEFINED,0,0.997569,0,,,,,,,,,,6.943908,,0,,0,,,0,0,,,,0,,-1,,0,0,-1,-1,,,,,,,,,,,,,,,,,,,,,Volumetric,,,,,,,,,,0,,,,,,,,,,0,0,,,,,,,,,,,,
4203,0BEC4F69,Nodes,1117896,1671299.62,1313.064347,Default Known Flow Node,69.999969,0.579999,1000,0,Known Flow,0,0,2.17E-07,40,0.579999,1000,0,0,13,0,0.515371,0.579999,,,,6.938351,6.938351,,16.800279,,,,,,903.822387,0.066147,0,0,0,,-459.670013,1000,,0,0,,,,0.047014,UNDEFINED,0,0.997569,0,,,,,,,,,,6.938351,,0,,0,,,0,0,,,,0,,-1,,0,0,-1,-1,,,,,,,,,,,,,,,,,,,,,Volumetric,,,,,,,,,,0,,,,,,,,,,0,0,,,,,,,,,,,,
4204,2FBC2324,Nodes,1117864.25,1671200.87,1313.064347,Default Known Flow Node,69.999969,0.579999,1000,0,Known Flow,0,0,2.17E-07,40,0.579999,1000,0,0,13,0,0.515371,0.579999,,,,6.940452,6.940452,,16.800279,,,,,,903.822387,0.066147,0,0,0,,-459.670013,1000,,0,0,,,,0.047014,UNDEFINED,0,0.997569,0,,,,,,,,,,6.940452,,0,,0,,,0,0,,,,0,,-1,,0,0,-1,-1,,,,,,,,,,,,,,,,,,,,,Volumetric,,,,,,,,,,0,,,,,,,,,,0,0,,,,,,,,,,,,
4205,2FBC2328,Nodes,1117865.62,1671208.75,1313.064347,Default Known Flow Node,69.999969,0.579999,1000,0,Known Flow,0,0,2.17E-07,40,0.579999,1000,0,0,13,0,0.515371,0.579999,,,,6.945238,6.945238,,16.800279,,,,,,903.822387,0.066147,0,0,0,,-459.670013,1000,,0,0,,,,0.047015,UNDEFINED,0,0.997569,0,,,,,,,,,,6.945238,,0,,0,,,0,0,,,,0,,-1,,0,0,-1,-1,,,,,,,,,,,,,,,,,,,,,Volumetric,,,,,,,,,,0,,,,,,,,,,0,0,,,,,,,,,,,,
4206,2FBC2329,Nodes,1117875.62,1671264.25,1313.064347,Default Known Flow Node,69.999969,0.579999,1000,0,Known Flow,0,0,2.17E-07,40,0.579999,1000,0,0,13,0,0.515371,0.579999,,,,6.950884,6.950884,,16.800279,,,,,,903.822387,0.066147,0,0,0,,-459.670013,1000,,0,0,,,,0.047015,UNDEFINED,0,0.997569,0,,,,,,,,,,6.950884,,0,,0,,,0,0,,,,0,,-1,,0,0,-1,-1,,,,,,,,,,,,,,,,,,,,,Volumetric,,,,,,,,,,0,,,,,,,,,,0,0,,,,,,,,,,,,
4207,2FBC232C,Nodes,1117883.5,1671307.87,1313.064347,Default Known Flow Node,69.999969,0.579999,1000,0,Known Flow,0,0,2.17E-07,40,0.579999,1000,0,0,13,0,0.515371,0.579999,,,,6.950506,6.950506,,16.800279,,,,,,903.822387,0.066147,0,0,0,,-459.670013,1000,,0,0,,,,0.047015,UNDEFINED,0,0.997569,0,,,,,,,,,,6.950506,,0,,0,,,0,0,,,,0,,-1,,0,0,-1,-1,,,,,,,,,,,,,,,,,,,,,Volumetric,,,,,,,,,,0,,,,,,,,,,0,0,,,,,,,,,,,,
4326,2FBF3D1D,Nodes,1118452.75,1671175.62,1313.064347,Default Known Flow Node,69.999969,0.579999,1000,0,Known Flow,0,0,2.17E-07,40,0.579999,1000,0,0,13,0,0.515371,0.579999,,,,6.908727,6.908727,,16.800279,,,,,,903.822387,0.066147,0,0,0,,-459.670013,1000,,0,0,,,,0.04701,UNDEFINED,0,0.997569,0,,,,,,,,,,6.908727,,0,,0,,,0,0,,,,0,,-1,,0,0,-1,-1,,,,,,,,,,,,,,,,,,,,,Volumetric,,,,,,,,,,0,,,,,,,,,,0,0,,,,,,,,,,,,
4333,2FBB3A9D,Nodes,1118331.87,1671653.62,1313.064347,Default Known Flow Node,69.999969,0.579999,1000,0,Known Flow,0,0,2.17E-07,40,0.579999,1000,0,0,13,0,0.515371,0.579999,,,,6.973624,6.973624,,16.800279,,,,,,903.822387,0.066147,0,0,0,,-459.670013,1000,,0,0,,,,0.047018,UNDEFINED,0,0.997569,0,,,,,,,,,,6.973624,,0,,0,,,0,0,,,,0,,-1,,0,0,-1,-1,,,,,,,,,,,,,,,,,,,,,Volumetric,,,,,,,,,,0,,,,,,,,,,0,0,,,,,,,,,,,,
4334,0BEC4FC0,Nodes,1118242.25,1671631.25,1313.064347,Default Known Flow Node,69.999969,0.579999,1000,0,Known Flow,0,0,2.17E-07,40,0.579999,1000,0,0,13,0,0.515371,0.579999,,,,6.972553,6.972553,,16.800279,,,,,,903.822387,0.066147,0,0,0,,-459.670013,1000,,0,0,,,,0.047018,UNDEFINED,0,0.997569,0,,,,,,,,,,6.972553,,0,,0,,,0,0,,,,0,,-1,,0,0,-1,-1,,,,,,,,,,,,,,,,,,,,,Volumetric,,,,,,,,,,0,,,,,,,,,,0,0,,,,,,,,,,,,
4335,0BEC4FA3,Nodes,1117972.37,1671561.87,1313.064347,Default Known Flow Node,69.999969,0.579999,1000,0,Known Flow,0,0,2.17E-07,40,0.579999,1000,0,0,13,0,0.515371,0.579999,,,,6.969336,6.969336,,16.800279,,,,,,903.822387,0.066147,0,0,0,,-459.670013,1000,,0,0,,,,0.047017,SETFLOW,0,0.997569,0,,,,,,,,,,6.969336,,0,,0,,,0,0,,,,0,,-1,,0,0,-1,-1,,,,,,,,,,,,,,,,,,,,,Volumetric,,,,,,,,,,-0.085121,,,,,,,,,,-0.085121,-0.002042,,,,,,,,,,,,
4336,2FBB3A99,Nodes,1117978.12,1671562.37,1313.064347,Default Known Flow Node,69.999969,0.579999,1000,0,Known Flow,0,0,2.17E-07,40,0.579999,1000,0,0,13,0,0.515371,0.579999,,,,6.969371,6.969371,,16.800279,,,,,,903.822387,0.066147,0,0,0,,-459.670013,1000,,0,0,,,,0.047017,UNDEFINED,0,0.997569,0,,,,,,,,,,6.969371,,0,,0,,,0,0,,,,0,,-1,,0,0,-1,-1,,,,,,,,,,,,,,,,,,,,,Volumetric,,,,,,,,,,0,,,,,,,,,,0,0,,,,,,,,,,,,
4337,2FBB3A95,Nodes,1117960.12,1671557.62,1313.064347,Default Known Flow Node,69.999969,0.579999,1000,0,Known Flow,0,0,2.17E-07,40,0.579999,1000,0,0,13,0,0.515371,0.579999,,,,6.966513,6.966513,,16.800279,,,,,,903.822387,0.066147,0,0,0,,-459.670013,1000,,0,0,,,,0.047017,UNDEFINED,0,0.997569,0,,,,,,,,,,6.966513,,0,,0,,,0,0,,,,0,,-1,,0,0,-1,-1,,,,,,,,,,,,,,,,,,,,,Volumetric,,,,,,,,,,0,,,,,,,,,,0,0,,,,,,,,,,,,
4363,0BEC50C2,Nodes,1119129.368,1671554.971,1313.064347,Default Known Flow Node,69.999969,0.579999,1000,0,Known Flow,0,0,2.17E-07,40,0.579999,1000,0,0,13,0,0.515377,0.579999,,,,7.99628,7.99628,,16.800279,,,,,,903.822387,0.066146,0,0,0,,-459.670013,1000,,0,0,,,,0.047134,SETFLOW,0,0.997563,0,,,,,,,,,,7.99628,,0,,0,,,0,0,,,,0,,-1,,0,0,-1,-1,,,,,,,,,,,,,,,,,,,,,Volumetric,,,,,,,,,,-0.088137,,,,,,,,,,-0.088137,-0.002115,,,,,,,,,,,,
4653,Q3No47,Nodes,1119167.284,1671565.278,1313.064347,Default Known Flow Node,69.999969,0.579999,1000,0,Known Flow,0,0,2.17E-07,40,0.579999,1000,0,0,13,0,0.515377,0.579999,,,,8.022914,8.022914,,16.800279,,,,,,903.822387,0.066146,0,0,0,,-459.670013,1000,,0,0,,,,0.047137,UNDEFINED,0,0.997562,0,,,,,,,,,,8.022914,,0,,0,,,0,0,,,,0,,-1,,0,0,0,-1,,,,,,,,,,,,,,,,,,,,,Volumetric,,,,,,,,,,0,,,,,,,,,,0,0,,,,,,,,,,,,
4654,Q3No49,Nodes,1119129.864,1671552.536,1313.064347,Default Known Flow Node,69.999969,0.579999,1000,0,Known Flow,0,0,2.17E-07,40,0.579999,1000,0,0,13,0,0.515377,0.579999,,,,7.995729,7.995729,,16.800279,,,,,,903.822387,0.066146,0,0,0,,-459.670013,1000,,0,0,,,,0.047134,UNDEFINED,0,0.997563,0,,,,,,,,,,7.995729,,0,,0,,,0,0,,,,0,,-1,,0,0,0,-1,,,,,,,,,,,,,,,,,,,,,Volumetric,,,,,,,,,,0,,,,,,,,,,0,0,,,,,,,,,,,,
4655,Q3No51,Nodes,1119083.517,1671855.144,1313.064347,Default Known Flow Node,69.999969,0.579999,1000,0,Known Flow,0,0,2.17E-07,40,0.579999,1000,0,0,13,0,0.515376,0.579999,,,,7.933482,7.933482,,16.800279,,,,,,903.822387,0.066146,0,0,0,,-459.670013,1000,,0,0,,,,0.047127,UNDEFINED,0,0.997563,0,,,,,,,,,,7.933482,,0,,0,,,0,0,,,,0,,-1,,0,0,0,-1,,,,,,,,,,,,,,,,,,,,,Volumetric,,,,,,,,,,0,,,,,,,,,,0,0,,,,,,,,,,,,
4656,Q3No52,Nodes,1119047.983,1671867.315,1313.064347,Default Known Flow Node,69.999969,0.579999,1000,0,Known Flow,0,0,2.17E-07,40,0.579999,1000,0,0,13,0,0.515376,0.579999,,,,7.932954,7.932954,,16.800279,,,,,,903.822387,0.066146,0,0,0,,-459.670013,1000,,0,0,,,,0.047127,UNDEFINED,0,0.997563,0,,,,,,,,,,7.932954,,0,,0,,,0,0,,,,0,,-1,,0,0,0,-1,,,,,,,,,,,,,,,,,,,,,Volumetric,,,,,,,,,,0,,,,,,,,,,0,0,,,,,,,,,,,,
4657,Q3No54,Nodes,1118998.642,1672071.135,1313.064347,Default Known Flow Node,69.999969,0.579999,1000,0,Known Flow,0,0,2.17E-07,40,0.579999,1000,0,0,13,0,0.515376,0.579999,,,,7.930729,7.930729,,16.800279,,,,,,903.822387,0.066146,0,0,0,,-459.670013,1000,,0,0,,,,0.047127,UNDEFINED,0,0.997563,0,,,,,,,,,,7.930729,,0,,0,,,0,0,,,,0,,-1,,0,0,0,-1,,,,,,,,,,,,,,,,,,,,,Volumetric,,,,,,,,,,0,,,,,,,,,,0,0,,,,,,,,,,,,
4658,Q3No55,Nodes,1118997.983,1672073.009,1313.064347,Default Known Flow Node,69.999969,0.579999,1000,0,Known Flow,0,0,2.17E-07,40,0.579999,1000,0,0,13,0,0.515376,0.579999,,,,7.930729,7.930729,,16.800279,,,,,,903.822387,0.066146,0,0,0,,-459.670013,1000,,0,0,,,,0.047127,UNDEFINED,0,0.997563,0,,,,,,,,,,7.930729,,0,,0,,,0,0,,,,0,,-1,,0,0,0,-1,,,,,,,,,,,,,,,,,,,,,Volumetric,,,,,,,,,,0,,,,,,,,,,0,0,,,,,,,,,,,,
4659,Q3No56,Nodes,1118996.164,1672080.578,1313.064347,Default Known Flow Node,69.999969,0.579999,1000,0,Known Flow,0,0,2.17E-07,40,0.579999,1000,0,0,13,0,0.515376,0.579999,,,,7.930729,7.930729,,16.800279,,,,,,903.822387,0.066146,0,0,0,,-459.670013,1000,,0,0,,,,0.047127,UNDEFINED,0,0.997563,0,,,,,,,,,,7.930729,,0,,0,,,0,0,,,,0,,-1,,0,0,0,-1,,,,,,,,,,,,,,,,,,,,,Volumetric,,,,,,,,,,0,,,,,,,,,,0,0,,,,,,,,,,,,
4716,Q3No335,Nodes,1119404.623,1671958.69,1313.064347,Default Known Flow Node,69.999969,0.579999,1000,0,Known Flow,0,0,2.17E-07,40,0.579999,1000,0,0,13,0,0.515376,0.579999,,,,7.959852,7.959852,,16.800279,,,,,,903.822387,0.066146,0,0,0,,-459.670013,1000,,0,0,,,,0.04713,UNDEFINED,0,0.997563,0,,,,,,,,,,7.959852,,0,,0,,,0,0,,,,0,,-1,,0,0,0,-1,,,,,,,,,,,,,,,,,,,,,Volumetric,,,,,,,,,,0,,,,,,,,,,0,0,,,,,,,,,,,,